Hatcheries ,Assay Type,Larval Species Tested,Water Type,Filtered/Unfiltered ,Treatment,Sample_ID,Replicate,Alive,Dead,% Mortality,Mortality,Control Average Mort,Control Average Mort  Percent,Percent Viability + Control Mortality,,Date of Assay,Note,,,,,,,,,,,,,,,,,,,Incoming Water 0.22um filter,Incoming Water 10um filter,Incoming Water Unfiltered,Tank Water 0.22um filter,Tank Water Unfiltered,Shed Water 0.22um filter,Shed Water 10um filter,Shed Water Unfiltered,,,,,,,,
B47-R1,Acute,Crassostrea virginica,Incoming Water,Unfiltered,Incoming Water Unfiltered,B47-R1 Acute Incoming Water Unfiltered,1,21,0,0%,0,0,0%,100,,2024-07-12,,,,,,,,,,,,,,,,,,,,,,,,,,,,,,,,,,,
B47-R1,Acute,Crassostrea virginica,Incoming Water,Unfiltered,Incoming Water Unfiltered,B47-R1 Acute Incoming Water Unfiltered,2,34,0,0%,0,0,0%,100,,2024-07-12,,,AVERAGE of % Mortality,Treatment,,,,,,,,,,,,,,,,,,,,,,,,,,,,,,,
B47-R1,Acute,Crassostrea virginica,Incoming Water,Unfiltered,Incoming Water Unfiltered,B47-R1 Acute Incoming Water Unfiltered,3,17,2,11%,11,0,0%,89,,2024-07-12,,,Hatcheries ,Incoming Water 0.22um filter,Incoming Water 10um filter,Incoming Water Unfiltered,Shed Water 0.22um filter,Shed Water 10um filter,Shed Water Unfiltered,Tank Water 0.22um filter,Tank Water 100 kDa filter,Tank Water 10um filter,Tank Water Unfiltered,,,,,,,,,,,,,,,,,,,,,,
B47-R1,Acute,Crassostrea virginica,Incoming Water,0.22um filter,Incoming Water 0.22um filter,B47-R1 Acute Incoming Water 0.22um filter,1,35,0,0%,0,0,0%,100,,2024-07-12,,,2UJ-R1,,,,,,,21%,67%,22%,21%,,,,,,AVERAGE of % Mortality,Treatment,,,,,,,,,,,,,,,
B47-R1,Acute,Crassostrea virginica,Incoming Water,0.22um filter,Incoming Water 0.22um filter,B47-R1 Acute Incoming Water 0.22um filter,2,56,0,0%,0,0,0%,100,,2024-07-12,,,AGX-R2,1%,2%,2%,2%,2%,0%,4%,,3%,2%,,,,,Species,Hatcheries ,Incoming Water 0.22um filter,Incoming Water 10um filter,Incoming Water Unfiltered,Tank Water 0.22um filter,Tank Water Unfiltered,Shed Water 0.22um filter,Shed Water 10um filter,Shed Water Unfiltered,Tank Water 100 kDa filter,Tank Water 10um filter,Hatcheries ,Location,infectious vs non infectious,infectious agent introduced,Cause,Cause with infectious incorporated
B47-R1,Acute,Crassostrea virginica,Incoming Water,0.22um filter,Incoming Water 0.22um filter,B47-R1 Acute Incoming Water 0.22um filter,3,43,0,0%,0,0,0%,100,,2024-07-12,,,B47-R1,0%,,4%,,,,16%,,,3%,,Public/Research Hatchery,CT,0,Mercenaria mercenaria,2UJ-R1,,,,21%,21%,,,,67%,22%,2UJ-R1,Tank,Not tested,,Virus/Toxin,Virus/Toxin
RRD-R2,Acute,Crassostrea virginica,Tank Water,Unfiltered,Tank Water Unfiltered,RRD-R2 Acute Tank Water Unfiltered,1,27,6,18%,18,0,0%,82,,2024-07-12,`,,CP8-R1,,,,2%,,5%,4%,,,0%,,Commercial Hatchery,VA,1,Crassostrea virginica,AGX-R2,1%,2%,2%,4%,2%,2%,2%,0%,,3%,AGX-R2,Neither,Non infectious ,,Non Microbial,Non Microbial
RRD-R2,Acute,Crassostrea virginica,Tank Water,Unfiltered,Tank Water Unfiltered,RRD-R2 Acute Tank Water Unfiltered,2,32,7,18%,18,0,0%,82,,2024-07-12,,,FNT-R1,6%,5%,5%,4%,3%,2%,6%,,2%,5%,,Commercial Hatchery,VA,0,Crassostrea virginica,B47-R1,0%,,4%,16%,3%,,,,,,B47-R1,Neither,Not tested,,Non Microbial,Non Microbial
RRD-R2,Acute,Crassostrea virginica,Tank Water,Unfiltered,Tank Water Unfiltered,RRD-R2 Acute Tank Water Unfiltered,3,25,9,26%,26,0,0%,74,,2024-07-12,,,FYC-E1,,,,41%,,22%,,,,,,Commercial Hatchery,CT,1,Crassostrea virginica,CP8-R1,,,,4%,0%,2%,,5%,,,CP8-R1,Neither,Non infectious ,,Non Microbial,Non Microbial
RRD-R2,Acute,Crassostrea virginica,Tank Water,0.22um filter,Tank Water 0.22um filter,RRD-R2 Acute Tank Water 0.22um filter,1,20,9,31%,31,0,0%,69,,2024-07-12,,,FYC-E2,85%,,36%,27%,,18%,41%,,,63%,,Commercial Hatchery,NY,0,Crassostrea virginica,FNT-R1,6%,5%,5%,6%,5%,4%,3%,2%,,2%,FNT-R1,Neither,Non infectious ,,Non Microbial,Non Microbial
RRD-R2,Acute,Crassostrea virginica,Tank Water,0.22um filter,Tank Water 0.22um filter,RRD-R2 Acute Tank Water 0.22um filter,2,19,12,39%,39,0,0%,61,,2024-07-12,,,H3N-R1,6%,,2%,7%,,4%,4%,,,4%,,Commercial Hatchery,NY,0,Crassostrea virginica,FYC-E1,,,,,,41%,,22%,,,FYC-E1,Incoming,Infectious,Not tested,Virus/Toxin/Pollutant,Viral
RRD-R2,Acute,Crassostrea virginica,Tank Water ,0.22um filter,Tank Water 0.22um filter,RRD-R2 Acute Tank Water 0.22um filter,3,28,10,26%,26,0,0%,74,,2024-07-12,,,LGG-R1,2%,1%,0%,,,,2%,,1%,1%,,Commercial Hatchery,NY,0,Crassostrea virginica,FYC-E2,85%,,36%,41%,63%,27%,,18%,,,FYC-E2,Both,Infectious,Both,Virus/Toxin/Pollutant,Viral
RRD-R2,Acute,Crassostrea virginica,Incoming Water,Unfiltered,Incoming Water Unfiltered,RRD-R2 Acute Incoming Water Unfiltered,1,28,24,46%,46,0,0%,54,,2024-07-12,,,LGG-R2,,,,1%,2%,2%,1%,,1%,2%,,Commercial Hatchery,MD,0,Crassostrea virginica,H3N-R1,6%,,2%,4%,4%,7%,,4%,,,H3N-R1,Neither,Non infectious ,,Non Microbial,Non Microbial
RRD-R2,Acute,Crassostrea virginica,Incoming Water,Unfiltered,Incoming Water Unfiltered,RRD-R2 Acute Incoming Water Unfiltered,2,18,14,44%,44,0,0%,56,,2024-07-12,,,LGG-R3,2%,1%,0%,0%,3%,2%,1%,,2%,1%,,Commercial Hatchery,RI,1,Crassostrea virginica,LGG-R1,2%,1%,0%,2%,1%,,,,,1%,LGG-R1,Neither,Not tested,,Non Microbial,Non Microbial
RRD-R2,Acute,Crassostrea virginica,Incoming Water,Unfiltered,Incoming Water Unfiltered,RRD-R2 Acute Incoming Water Unfiltered,3,22,13,37%,37,0,0%,63,,2024-07-12,,,RGX-R1,,,,0%,1%,0%,,,,,,Commercial Hatchery,RI,1,Crassostrea virginica,LGG-R2,,,,1%,2%,1%,2%,2%,,1%,LGG-R2,Neither,Non infectious ,,Non Microbial,Non Microbial
RRD-R2,Acute,Crassostrea virginica,Incoming Water,0.22um filter,Incoming Water 0.22um filter,RRD-R2 Acute Incoming Water 0.22um filter,1,28,6,18%,18,0,0%,82,,2024-07-12,,,RRD-R1,59%,,71%,2%,,7%,51%,,,39%,,Commercial Hatchery,RI,0,Crassostrea virginica,LGG-R3,2%,1%,0%,1%,1%,0%,3%,2%,,2%,LGG-R3,Neither,Non infectious ,,Non Microbial,Non Microbial
RRD-R2,Acute,Crassostrea virginica,Incoming Water,0.22um filter,Incoming Water 0.22um filter,RRD-R2 Acute Incoming Water 0.22um filter,2,24,10,29%,29,0,0%,71,,2024-07-12,,,RRD-R2,29%,,42%,,,,32%,,,21%,,Research Hatchery,DE,0,Crassostrea virginica,RGX-R1,,,,,,0%,1%,0%,,,RGX-R1,Neither,Non infectious ,,Non Microbial,Non Microbial
RRD-R2,Acute,Crassostrea virginica,Incoming Water,0.22um filter,Incoming Water 0.22um filter,RRD-R2 Acute Incoming Water 0.22um filter,3,23,15,39%,39,0,0%,61,,2024-07-12,,,RRD-R3,2%,7%,4%,15%,7%,3%,4%,,11%,5%,,Research Hatchery,FL,0,Crassostrea virginica,RRD-R1,59%,,71%,51%,39%,2%,,7%,,,RRD-R1,Both,Non infectious ,,Virus/Toxin/Pollutant,Toxin
WFH-R1,Acute,Crassostrea virginica,Tank Water,Unfiltered,Tank Water Unfiltered,WFH-R1 Acute Tank Water Unfiltered,1,22,19,46%,46,0,0%,54,,2024-07-12,,,S3W-R3,,,,,,,1%,,0%,2%,,Research Hatchery,FL,0,Crassostrea virginica,RRD-R2,29%,,42%,32%,21%,,,,,,RRD-R2,Both,Not tested,,Virus/Toxin,Virus/Toxin
WFH-R1,Acute,Crassostrea virginica,Tank Water,Unfiltered,Tank Water Unfiltered,WFH-R1 Acute Tank Water Unfiltered,2,20,11,35%,35,0,0%,65,,2024-07-12,,,S3W-R4,3%,,,4%,10%,5%,4%,,5%,6%,,Research Hatchery,FL,0,Argopecten irradians,RRD-R3,2%,7%,4%,4%,5%,15%,7%,3%,,11%,RRD-R3,Neither,Non infectious ,,Non Microbial,Non Microbial
WFH-R1,Acute,Crassostrea virginica,Tank Water,Unfiltered,Tank Water Unfiltered,WFH-R1 Acute Tank Water Unfiltered,3,26,18,41%,41,0,0%,59,,2024-07-12,,,S3W-R5,11%,15%,6%,4%,8%,5%,4%,,8%,9%,,Research Hatchery,MD,1,Crassostrea virginica,S3W-R3,,,,1%,2%,,,,,0%,S3W-R3,Neither,Not tested,,Non Microbial,Non Microbial
WFH-R1,Acute,Crassostrea virginica,Tank Water,0.22um filter,Tank Water 0.22um filter,WFH-R1 Acute Tank Water 0.22um filter,1,28,13,32%,32,0,0%,68,,2024-07-12,,,TRG-R2,21%,,12%,19%,,12%,14%,,,19%,,Research Hatchery,MD,1,Crassostrea virginica,S3W-R4,3%,,,4%,6%,4%,10%,5%,,5%,S3W-R4,Neither,Non infectious ,,Non Microbial,Non Microbial
WFH-R1,Acute,Crassostrea virginica,Tank Water,0.22um filter,Tank Water 0.22um filter,WFH-R1 Acute Tank Water 0.22um filter,2,34,12,26%,26,0,0%,74,,2024-07-12,,,TXP-R1,33%,,19%,18%,,21%,23%,,,16%,,Research Hatchery,MD,0,Crassostrea virginica,S3W-R5,11%,15%,6%,4%,9%,4%,8%,5%,,8%,S3W-R5,Incoming,Non infectious ,,Bacterial,Bacterial
WFH-R1,Acute,Crassostrea virginica,Tank Water,0.22um filter,Tank Water 0.22um filter,WFH-R1 Acute Tank Water 0.22um filter,3,37,25,40%,40,0,0%,60,,2024-07-12,,,V7H-R1,28%,,22%,11%,,14%,39%,32%,21%,9%,,Commercial Hatchery,ME,0,Crassostrea virginica,TRG-R2,21%,,12%,14%,19%,19%,,12%,,,TRG-R2,Both,Infectious,Both,Virus/Toxin/Pollutant,Viral
WFH-R1,Acute,Crassostrea virginica,Shed Water,Unfiltered,Shed Water Unfiltered,WFH-R1 Acute Shed Water Unfiltered,1,26,5,16%,16,0,0%,84,,2024-07-12,,,V7H-R2,,,,,,,9%,12%,10%,13%,,Commercial Hatchery,ME,0,Crassostrea virginica,TXP-R1,33%,,19%,23%,16%,18%,,21%,,,TXP-R1,Both,Infectious,Both,Virus/Toxin/Pollutant,Viral
WFH-R1,Acute,Crassostrea virginica,Shed Water,Unfiltered,Shed Water Unfiltered,WFH-R1 Acute Shed Water Unfiltered,2,22,5,19%,19,0,0%,81,,2024-07-12,,,WFH-R1,,,,8%,,15%,33%,,,41%,,Research Hatchery,NY,0,Mercenaria mercenaria,V7H-R1,28%,,22%,39%,9%,11%,,14%,32%,21%,V7H-R1,Both,Infectious,Both,Virus/Toxin/Pollutant,Viral
WFH-R1,Acute,Crassostrea virginica,Shed Water,Unfiltered,Shed Water Unfiltered,WFH-R1 Acute Shed Water Unfiltered,3,37,4,10%,10,0,0%,90,,2024-07-12,,,XXH-R1,13%,,15%,11%,,17%,15%,,,12%,,Restoration Hatchery,NY,0,Mercenaria mercenaria,XXH-R1,13%,,15%,15%,12%,11%,,17%,,,XXH-R1,Both,Infectious,Both,Virus/Toxin/Pollutant,Viral
WFH-R1,Acute,Crassostrea virginica,Shed Water,0.22um filter,Shed Water 0.22um filter,WFH-R1 Acute Shed Water 0.22um filter,1,27,5,16%,16,0,0%,84,,2024-07-12,,,XZV-R4,,,,,,,41%,28%,,11%,,Commercial Hatchery,MA,0,Mercenaria mercenaria,XZV-R4,,,,41%,11%,,,,28%,,XZV-R4,Tank,Not tested,,Virus/Toxin,Virus/Toxin
WFH-R1,Acute,Crassostrea virginica,Shed Water,0.22um filter,Shed Water 0.22um filter,WFH-R1 Acute Shed Water 0.22um filter,2,19,1,5%,5,0,0%,95,,2024-07-12,,,Y9P-R1,,,,,,,25%,17%,25%,19%,,,,,,,,,,,,,,,,,,,,,,
WFH-R1,Acute,Crassostrea virginica,Shed Water,0.22um filter,Shed Water 0.22um filter,WFH-R1 Acute Shed Water 0.22um filter,3,38,1,3%,3,0,0%,97,,2024-07-12,,,YPH-R2,8%,,6%,9%,,10%,6%,,,5%,,,,,,,,,,,,,,,,,,,,,,
FYC-E1,Acute,Crassostrea virginica,Shed Water,Unfiltered,Shed Water Unfiltered,FYC-E1 Acute Shed Water Unfiltered,1,51,9,15%,15,0,0%,85,,2024-07-12,,,,,,,,,,,,,,,,,,,,,,,,,,,,,,,,,,,
FYC-E1,Acute,Crassostrea virginica,Shed Water,Unfiltered,Shed Water Unfiltered,FYC-E1 Acute Shed Water Unfiltered,2,32,11,26%,26,0,0%,74,,2024-07-12,,,,,,,,,,,,,,,,,,,,,,,,,,,,,,,,,,,
FYC-E1,Acute,Crassostrea virginica,Shed Water,Unfiltered,Shed Water Unfiltered,FYC-E1 Acute Shed Water Unfiltered,3,43,14,25%,25,0,0%,75,,2024-07-12,,,,,,,,,,,,,,,,,,,,,,,,,,,,,,,,,,,
FYC-E1,Acute,Crassostrea virginica,Shed Water,0.22um filter,Shed Water 0.22um filter,FYC-E1 Acute Shed Water 0.22um filter,1,72,25,26%,26,0,0%,74,,2024-07-12,,,,,,,,,,,,,,,,,,,,,,,,,,,,,,,,,,,
FYC-E1,Acute,Crassostrea virginica,Shed Water,0.22um filter,Shed Water 0.22um filter,FYC-E1 Acute Shed Water 0.22um filter,2,25,17,40%,40,0,0%,60,,2024-07-12,,,,,,,,,,,,,,,,,,,,,,,,,,,,,,,,,,,
FYC-E1,Acute,Crassostrea virginica,Shed Water,0.22um filter,Shed Water 0.22um filter,FYC-E1 Acute Shed Water 0.22um filter,3,15,20,57%,57,0,0%,43,,2024-07-12,,,,,,,,,,,,,,,,,,,,,,,,,,,,,,,,,,,
FYC-E2,Acute,Crassostrea virginica,Tank Water,Unfiltered,Tank Water Unfiltered,FYC-E2 Acute Tank Water Unfiltered,1,17,28,62%,62,0,0%,38,,2024-07-12,,,,,,,,,,,,,,,Research Hatchery,NY,2,,V7H-R2,,,,9%,13%,,,,12%,10%,,,,,,
FYC-E2,Acute,Crassostrea virginica,Tank Water,Unfiltered,Tank Water Unfiltered,FYC-E2 Acute Tank Water Unfiltered,2,10,24,71%,71,0,0%,29,,2024-07-12,,,,,,,,,,,,,,,Research Hatchery,RI,2,,WFH-R1,,,,33%,41%,8%,,15%,,,,,,,Virus/Toxin/Pollutant,
FYC-E2,Acute,Crassostrea virginica,Tank Water,Unfiltered,Tank Water Unfiltered,FYC-E2 Acute Tank Water Unfiltered,3,21,26,55%,55,0,0%,45,,2024-07-12,,,,,,,,,,,,,,,Restoration Hatchery,NY,2,,Y9P-R1,,,,25%,19%,,,,17%,25%,,,,,Virus/Toxin/Pollutant,
FYC-E2,Acute,Crassostrea virginica,Tank Water,0.22um filter,Tank Water 0.22um filter,FYC-E2 Acute Tank Water 0.22um filter,1,25,21,46%,46,0,0%,54,,2024-07-12,,,,,,,,,,,,,,,Research Hatchery,MD,2,,YPH-R2,8%,,6%,6%,5%,9%,,10%,,,,,,,Virus/Toxin/Pollutant,
FYC-E2,Acute,Crassostrea virginica,Tank Water,0.22um filter,Tank Water 0.22um filter,FYC-E2 Acute Tank Water 0.22um filter,2,29,16,36%,36,0,0%,64,,2024-07-12,,,,,,,,,,,,,,,,,,,,,,,,,,,,,,,,,,,
FYC-E2,Acute,Crassostrea virginica,Tank Water,0.22um filter,Tank Water 0.22um filter,FYC-E2 Acute Tank Water 0.22um filter,3,38,28,42%,42,0,0%,58,,2024-07-12,,,,,,,,,,,,,,,,,,,,,,,,,,,,,,,,,,,
FYC-E2,Acute,Crassostrea virginica,Incoming Water,Unfiltered,Incoming Water Unfiltered,FYC-E2 Acute Incoming Water Unfiltered,1,21,9,30%,30,0,0%,70,,2024-07-12,,,,,,,,,,,,,,,,,,,,,,,,,,,,,,,,,,,
FYC-E2,Acute,Crassostrea virginica,Incoming Water,Unfiltered,Incoming Water Unfiltered,FYC-E2 Acute Incoming Water Unfiltered,2,27,15,36%,36,0,0%,64,,2024-07-12,,,,,,,,,,,,,,,,,,,,,,,,,,,,,,,,,,,
FYC-E2,Acute,Crassostrea virginica,Incoming Water,Unfiltered,Incoming Water Unfiltered,FYC-E2 Acute Incoming Water Unfiltered,3,24,18,43%,43,0,0%,57,,2024-07-12,,,,,,,,,,,,,,,,,,,,,,,,,,,,,,,,,,,
FYC-E2,Acute,Crassostrea virginica,Incoming Water,0.22um filter,Incoming Water 0.22um filter,FYC-E2 Acute Incoming Water 0.22um filter,1,6,43,88%,88,0,0%,12,,2024-07-12,,,,,,,,,,,,,,,,,,,,,,,,,,,,,,,,,,,
FYC-E2,Acute,Crassostrea virginica,Incoming Water,0.22um filter,Incoming Water 0.22um filter,FYC-E2 Acute Incoming Water 0.22um filter,2,10,44,81%,81,0,0%,19,,2024-07-12,,,,,,,,,,,,,,,,,,,,,,,,,,,,,,,,,,,
FYC-E2,Acute,Crassostrea virginica,Incoming Water,0.22um filter,Incoming Water 0.22um filter,FYC-E2 Acute Incoming Water 0.22um filter,3,7,43,86%,86,0,0%,14,,2024-07-12,,,,,,,,,,,,,,,,,,,,,,,,,,,,,,,,,,,
FYC-E2,Acute,Crassostrea virginica,Shed Water,Unfiltered,Shed Water Unfiltered,FYC-E2 Acute Shed Water Unfiltered,1,16,1,6%,6,0,0%,94,,2024-07-12,,,,,,,,,,,,,,,,,,,,,,,>0.22um Filter,<0.22um Filter,Possible Crash Cause,,,,,,,,,,
FYC-E2,Acute,Crassostrea virginica,Shed Water,Unfiltered,Shed Water Unfiltered,FYC-E2 Acute Shed Water Unfiltered,2,32,8,20%,20,0,0%,80,,2024-07-12,,,,,,,,,,,,,,,,,,,,,,,✓,X,Parasite/Bacteria,,,,,,,,,,
FYC-E2,Acute,Crassostrea virginica,Shed Water,Unfiltered,Shed Water Unfiltered,FYC-E2 Acute Shed Water Unfiltered,3,22,9,29%,29,0,0%,71,,2024-07-12,,,,,,,,,,,,,,,,,,,,,,,✓,✓,"Infectious, virus/toxin",,,,,,,,,,
FYC-E2,Acute,Crassostrea virginica,Shed Water,0.22um filter,Shed Water 0.22um filter,FYC-E2 Acute Shed Water 0.22um filter,1,38,9,19%,19,0,0%,81,,2024-07-12,,,,,,,,,,,,,,,,,,,,,,,✓,✓,"Noninfectious, virus/toxin",,,,,,,,,,
FYC-E2,Acute,Crassostrea virginica,Shed Water,0.22um filter,Shed Water 0.22um filter,FYC-E2 Acute Shed Water 0.22um filter,2,31,18,37%,37,0,0%,63,,2024-07-12,,,,,,,,,,,,,,,,,,,,,,,,,,,,,,,,,,,
FYC-E2,Acute,Crassostrea virginica,Shed Water,0.22um filter,Shed Water 0.22um filter,FYC-E2 Acute Shed Water 0.22um filter,3,30,10,25%,25,0,0%,75,,2024-07-12,,,,,,,,,,,,,,,,,,,,,,,,,,,,,,,,,,,
RRD-R1,Acute,Crassostrea virginica,Tank Water,Unfiltered,Tank Water Unfiltered,RRD-R1 Acute Tank Water Unfiltered,1,41,20,33%,33,0,0%,67,,2024-07-12,,,,,,,,,,,,,,,,,,,,,,,,,,,,,,,,,,,
RRD-R1,Acute,Crassostrea virginica,Tank Water,Unfiltered,Tank Water Unfiltered,RRD-R1 Acute Tank Water Unfiltered,2,22,15,41%,41,0,0%,59,,2024-07-12,,,,,,,,,,,,,,,,,,,,,,,,,,,,,,,,,,,
RRD-R1,Acute,Crassostrea virginica,Tank Water,Unfiltered,Tank Water Unfiltered,RRD-R1 Acute Tank Water Unfiltered,3,22,17,44%,44,0,0%,56,,2024-07-12,,,,,,,,,,,,,,,,,,,,,,,,,,,,,,,,,,,
RRD-R1,Acute,Crassostrea virginica,Tank Water,0.22um filter,Tank Water 0.22um filter,RRD-R1 Acute Tank Water 0.22um filter,1,41,24,37%,37,0,0%,63,,2024-07-12,,,,,,,,,,,,,,,,,,,,,,,,,,,,,,,,,,,
RRD-R1,Acute,Crassostrea virginica,Tank Water,0.22um filter,Tank Water 0.22um filter,RRD-R1 Acute Tank Water 0.22um filter,2,17,22,56%,56,0,0%,44,,2024-07-12,,,,,,,,,,,,,,,,,,,,,,,,,,,,,,,,,,,
RRD-R1,Acute,Crassostrea virginica,Tank Water,0.22um filter,Tank Water 0.22um filter,RRD-R1 Acute Tank Water 0.22um filter,3,20,29,59%,59,0,0%,41,,2024-07-12,,,,,,,,,,,,,,,,,,,,,,,,,,,,,,,,,,,
RRD-R1,Acute,Crassostrea virginica,Incoming Water,Unfiltered,Incoming Water Unfiltered,RRD-R1 Acute Incoming Water Unfiltered,1,23,34,60%,60,0,0%,40,,2024-07-12,,,,,,,,,,,,,,,,,,,,,,,,,,,,,,,,,,,
RRD-R1,Acute,Crassostrea virginica,Incoming Water,Unfiltered,Incoming Water Unfiltered,RRD-R1 Acute Incoming Water Unfiltered,2,11,29,73%,73,0,0%,28,,2024-07-12,,,,,,,,,,,,,,,,,,,,,,,,,,,,,,,,,,,
RRD-R1,Acute,Crassostrea virginica,Incoming Water,Unfiltered,Incoming Water Unfiltered,RRD-R1 Acute Incoming Water Unfiltered,3,9,36,80%,80,0,0%,20,,2024-07-12,,,,,,,,,,,,,,,,,,,,,,,,,,,,,,,,,,,
RRD-R1,Acute,Crassostrea virginica,Incoming Water,0.22um filter,Incoming Water 0.22um filter,RRD-R1 Acute Incoming Water 0.22um filter,1,11,26,70%,70,0,0%,30,,2024-07-12,,,,,,,,,,,,,,,,,,,,,,,,,,,,,,,,,,,
RRD-R1,Acute,Crassostrea virginica,Incoming Water,0.22um filter,Incoming Water 0.22um filter,RRD-R1 Acute Incoming Water 0.22um filter,2,18,18,50%,50,0,0%,50,,2024-07-12,,,,,,,,,,,,,,,,,,,,,,,,,,,,,,,,,,,
RRD-R1,Acute,Crassostrea virginica,Incoming Water,0.22um filter,Incoming Water 0.22um filter,RRD-R1 Acute Incoming Water 0.22um filter,3,16,20,56%,56,0,0%,44,,2024-07-12,,,,,,,,,,,,,,,,,,,,,,,,,,,,,,,,,,,
B47-R1,Acute,Crassostrea virginica,Tank Water,Unfiltered,Tank Water Unfiltered,B47-R1 Acute Tank Water Unfiltered,1,20,0,0%,0,0,0%,100,,2024-07-12,,,,,,,,,,,,,,,,,,,,,,,,,,,,,,,,,,,
B47-R1,Acute,Crassostrea virginica,Tank Water,Unfiltered,Tank Water Unfiltered,B47-R1 Acute Tank Water Unfiltered,2,26,0,0%,0,0,0%,100,,2024-07-12,,,,,,,,,,,,,,,,,,,,,,,,,,,,,,,,,,,
B47-R1,Acute,Crassostrea virginica,Tank Water,Unfiltered,Tank Water Unfiltered,B47-R1 Acute Tank Water Unfiltered,3,22,2,8%,8,0,0%,92,,2024-07-12,,,,,,,,,,,,,,,,,,,,,,,,,,,,,,,,,,,
B47-R1,Acute,Crassostrea virginica,Tank Water,0.22um filter,Tank Water 0.22um filter,B47-R1 Acute Tank Water 0.22um filter,1,41,1,2%,2,0,0%,98,,2024-07-12,,,,,,,,,,,,,,,,,,,,,,,,,,,,,,,,,,,
B47-R1,Acute,Crassostrea virginica,Tank Water,0.22um filter,Tank Water 0.22um filter,B47-R1 Acute Tank Water 0.22um filter,2,30,15,33%,33,0,0%,67,,2024-07-12,,,,,,,,,,,,,,,,,,,,,,,,,,,,,,,,,,,
B47-R1,Acute,Crassostrea virginica,Tank Water,0.22um filter,Tank Water 0.22um filter,B47-R1 Acute Tank Water 0.22um filter,3,31,4,11%,11,0,0%,89,,2024-07-12,,,,,,,,,,,,,,,,,,,,,,,,,,,,,,,,,,,
TRG-R2,Acute,Crassostrea virginica,Tank Water,Unfiltered,Tank Water Unfiltered,TRG-R2 Acute Tank Water Unfiltered,1,61,10,14%,14,15,15%,101,,2024-07-30,,,,,,,,,,,,,,,,,,,,,,,,,,,,,,,,,,,
TRG-R2,Acute,Crassostrea virginica,Tank Water,Unfiltered,Tank Water Unfiltered,TRG-R2 Acute Tank Water Unfiltered,2,38,12,24%,24,15,15%,91,,2024-07-30,,,,,,,,,,,,,,,,,,,,,,,,,,,,,,,,,,,
TRG-R2,Acute,Crassostrea virginica,Tank Water,Unfiltered,Tank Water Unfiltered,TRG-R2 Acute Tank Water Unfiltered,3,46,11,19%,19,15,15%,96,,2024-07-30,,,,,,,,,,,,,,,,,,,,,,,,,,,,,,,,,,,
TRG-R2,Acute,Crassostrea virginica,Tank Water,0.22um filter,Tank Water 0.22um filter,TRG-R2 Acute Tank Water 0.22um filter,1,50,9,15%,15,15,15%,100,,2024-07-30,,,,,,,,,,,,,,,,,,,,,,,,,,,,,,,,,,,
TRG-R2,Acute,Crassostrea virginica,Tank Water,0.22um filter,Tank Water 0.22um filter,TRG-R2 Acute Tank Water 0.22um filter,2,53,4,7%,7,15,15%,108,,2024-07-30,,,,,,,,,,,,,,,,,,,,,,,,,,,,,,,,,,,
TRG-R2,Acute,Crassostrea virginica,Tank Water,0.22um filter,Tank Water 0.22um filter,TRG-R2 Acute Tank Water 0.22um filter,3,73,18,20%,20,15,15%,95,,2024-07-30,,,,,,,,,,,,,,,,,,,,,,,,,,,,,,,,,,,
TRG-R2,Acute,Crassostrea virginica,Incoming Water,Unfiltered,Incoming Water Unfiltered,TRG-R2 Acute Incoming Water Unfiltered,1,51,9,15%,15,15,15%,100,,2024-07-30,,,,,,,,,,,,,,,,,,,,,,,,,,,,,,,,,,,
TRG-R2,Acute,Crassostrea virginica,Incoming Water,Unfiltered,Incoming Water Unfiltered,TRG-R2 Acute Incoming Water Unfiltered,2,49,2,4%,4,15,15%,111,,2024-07-30,,,,,,,,,,,,,,,,,,,,,,,,,,,,,,,,,,,
TRG-R2,Acute,Crassostrea virginica,Incoming Water,Unfiltered,Incoming Water Unfiltered,TRG-R2 Acute Incoming Water Unfiltered,3,65,12,16%,16,15,15%,99,,2024-07-30,,,,,,,,,,,,,,,,,,,,,,,,,,,,,,,,,,,
TRG-R2,Acute,Crassostrea virginica,Incoming Water,0.22um filter,Incoming Water 0.22um filter,TRG-R2 Acute Incoming Water 0.22um filter,1,45,15,25%,25,15,15%,90,,2024-07-30,,,,,,,,,,,,,,,,,,,,,,,,,,,,,,,,,,,
TRG-R2,Acute,Crassostrea virginica,Incoming Water,0.22um filter,Incoming Water 0.22um filter,TRG-R2 Acute Incoming Water 0.22um filter,2,57,16,22%,22,15,15%,93,,2024-07-30,,,,,,,,,,,,,,,,,,,,,,,,,,,,,,,,,,,
TRG-R2,Acute,Crassostrea virginica,Incoming Water,0.22um filter,Incoming Water 0.22um filter,TRG-R2 Acute Incoming Water 0.22um filter,3,58,11,16%,16,15,15%,99,,2024-07-30,,,,,,,,,,,,,,,,,,,,,,,,,,,,,,,,,,,
TRG-R2,Acute,Crassostrea virginica,Shed Water,Unfiltered,Shed Water Unfiltered,TRG-R2 Acute Shed Water Unfiltered,1,45,8,15%,15,15,15%,100,,2024-07-30,,,,,,,,,,,,,,,,,,,,,,,,,,,,,,,,,,,
TRG-R2,Acute,Crassostrea virginica,Shed Water,Unfiltered,Shed Water Unfiltered,TRG-R2 Acute Shed Water Unfiltered,2,50,11,18%,18,15,15%,97,,2024-07-30,,,,,,,,,,,,,,,,,,,,,,,,,,,,,,,,,,,
TRG-R2,Acute,Crassostrea virginica,Shed Water,Unfiltered,Shed Water Unfiltered,TRG-R2 Acute Shed Water Unfiltered,3,52,2,4%,4,15,15%,111,,2024-07-30,,,,,,,,,,,,,,,,,,,,,,,,,,,,,,,,,,,
TRG-R2,Acute,Crassostrea virginica,Shed Water,0.22um filter,Shed Water 0.22um filter,TRG-R2 Acute Shed Water 0.22um filter,1,73,10,12%,12,15,15%,103,,2024-07-30,,,,,,,,,,,,,,,,,,,,,,,,,,,,,,,,,,,
TRG-R2,Acute,Crassostrea virginica,Shed Water,0.22um filter,Shed Water 0.22um filter,TRG-R2 Acute Shed Water 0.22um filter,2,79,32,29%,29,15,15%,86,,2024-07-30,,,,,,,,,,,,,,,,,,,,,,,,,,,,,,,,,,,
TRG-R2,Acute,Crassostrea virginica,Shed Water,0.22um filter,Shed Water 0.22um filter,TRG-R2 Acute Shed Water 0.22um filter,3,64,12,16%,16,15,15%,99,,2024-07-30,,,,,,,,,,,,,,,,,,,,,,,,,,,,,,,,,,,
TXP-R1,Acute,Crassostrea virginica,Tank Water,Unfiltered,Tank Water Unfiltered,TXP-R1 Acute Tank Water Unfiltered,1,46,6,12%,12,15,15%,103,,2024-07-30,,,,,,,,,,,,,,,,,,,,,,,,,,,,,,,,,,,
TXP-R1,Acute,Crassostrea virginica,Tank Water,Unfiltered,Tank Water Unfiltered,TXP-R1 Acute Tank Water Unfiltered,2,63,12,16%,16,15,15%,99,,2024-07-30,,,,,,,,,,,,,,,,,,,,,,,,,,,,,,,,,,,
TXP-R1,Acute,Crassostrea virginica,Tank Water,Unfiltered,Tank Water Unfiltered,TXP-R1 Acute Tank Water Unfiltered,3,37,9,20%,20,15,15%,95,,2024-07-30,,,,,,,,,,,,,,,,,,,,,,,,,,,,,,,,,,,
TXP-R1,Acute,Crassostrea virginica,Tank Water,0.22um filter,Tank Water 0.22um filter,TXP-R1 Acute Tank Water 0.22um filter,1,78,31,28%,28,15,15%,86,,2024-07-30,,,,,,,,,,,,,,,,,,,,,,,,,,,,,,,,,,,
TXP-R1,Acute,Crassostrea virginica,Tank Water,0.22um filter,Tank Water 0.22um filter,TXP-R1 Acute Tank Water 0.22um filter,2,72,17,19%,19,15,15%,96,,2024-07-30,,,,,,,,,,,,,,,,,,,,,,,,,,,,,,,,,,,
TXP-R1,Acute,Crassostrea virginica,Tank Water,0.22um filter,Tank Water 0.22um filter,TXP-R1 Acute Tank Water 0.22um filter,3,64,19,23%,23,15,15%,92,,2024-07-30,,,,,,,,,,,,,,,,,,,,,,,,,,,,,,,,,,,
TXP-R1,Acute,Crassostrea virginica,Incoming Water,Unfiltered,Incoming Water Unfiltered,TXP-R1 Acute Incoming Water Unfiltered,1,20,2,9%,9,15,15%,106,,2024-07-30,,,,,,,,,,,,,,,,,,,,,,,,,,,,,,,,,,,
TXP-R1,Acute,Crassostrea virginica,Incoming Water,Unfiltered,Incoming Water Unfiltered,TXP-R1 Acute Incoming Water Unfiltered,2,31,12,28%,28,15,15%,87,,2024-07-30,,,,,,,,,,,,,,,,,,,,,,,,,,,,,,,,,,,
TXP-R1,Acute,Crassostrea virginica,Incoming Water,Unfiltered,Incoming Water Unfiltered,TXP-R1 Acute Incoming Water Unfiltered,3,41,10,20%,20,15,15%,95,,2024-07-30,,,,,,,,,,,,,,,,,,,,,,,,,,,,,,,,,,,
TXP-R1,Acute,Crassostrea virginica,Incoming Water,0.22um filter,Incoming Water 0.22um filter,TXP-R1 Acute Incoming Water 0.22um filter,1,23,13,36%,36,15,15%,79,,2024-07-30,,,,,,,,,,,,,,,,,,,,,,,,,,,,,,,,,,,
TXP-R1,Acute,Crassostrea virginica,Incoming Water,0.22um filter,Incoming Water 0.22um filter,TXP-R1 Acute Incoming Water 0.22um filter,2,43,12,22%,22,15,15%,93,,2024-07-30,,,,,,,,,,,,,,,,,,,,,,,,,,,,,,,,,,,
TXP-R1,Acute,Crassostrea virginica,Incoming Water,0.22um filter,Incoming Water 0.22um filter,TXP-R1 Acute Incoming Water 0.22um filter,3,31,22,42%,42,15,15%,73,,2024-07-30,,,,,,,,,,,,,,,,,,,,,,,,,,,,,,,,,,,
TXP-R1,Acute,Crassostrea virginica,Shed Water,Unfiltered,Shed Water Unfiltered,TXP-R1 Acute Shed Water Unfiltered,1,77,19,20%,20,15,15%,95,,2024-07-30,,,,,,,,,,,,,,,,,,,,,,,,,,,,,,,,,,,
TXP-R1,Acute,Crassostrea virginica,Shed Water,Unfiltered,Shed Water Unfiltered,TXP-R1 Acute Shed Water Unfiltered,2,27,10,27%,27,15,15%,88,,2024-07-30,,,,,,,,,,,,,,,,,,,,,,,,,,,,,,,,,,,
TXP-R1,Acute,Crassostrea virginica,Shed Water,Unfiltered,Shed Water Unfiltered,TXP-R1 Acute Shed Water Unfiltered,3,38,8,17%,17,15,15%,98,,2024-07-30,,,,,,,,,,,,,,,,,,,,,,,,,,,,,,,,,,,
TXP-R1,Acute,Crassostrea virginica,Shed Water,0.22um filter,Shed Water 0.22um filter,TXP-R1 Acute Shed Water 0.22um filter,1,72,15,17%,17,15,15%,98,,2024-07-30,,,,,,,,,,,,,,,,,,,,,,,,,,,,,,,,,,,
TXP-R1,Acute,Crassostrea virginica,Shed Water,0.22um filter,Shed Water 0.22um filter,TXP-R1 Acute Shed Water 0.22um filter,2,64,22,26%,26,15,15%,89,,2024-07-30,,,,,,,,,,,,,,,,,,,,,,,,,,,,,,,,,,,
TXP-R1,Acute,Crassostrea virginica,Shed Water,0.22um filter,Shed Water 0.22um filter,TXP-R1 Acute Shed Water 0.22um filter,3,44,5,10%,10,15,15%,105,,2024-07-30,,,,,,,,,,,,,,,,,,,,,,,,,,,,,,,,,,,
H3N-R1,Acute,Crassostrea virginica,Tank Water,Unfiltered,Tank Water Unfiltered,H3N-R1 Acute Tank Water Unfiltered,1,46,3,6%,6,15,15%,109,,2024-07-30,,,,,,,,,,,,,,,,,,,,,,,,,,,,,,,,,,,
H3N-R1,Acute,Crassostrea virginica,Tank Water,Unfiltered,Tank Water Unfiltered,H3N-R1 Acute Tank Water Unfiltered,2,72,5,6%,6,15,15%,108,,2024-07-30,,,,,,,,,,,,,,,,,,,,,,,,,,,,,,,,,,,
H3N-R1,Acute,Crassostrea virginica,Tank Water,Unfiltered,Tank Water Unfiltered,H3N-R1 Acute Tank Water Unfiltered,3,45,3,6%,6,15,15%,109,,2024-07-30,,,,,,,,,,,,,,,,,,,,,,,,,,,,,,,,,,,
H3N-R1,Acute,Crassostrea virginica,Tank Water,0.22um filter,Tank Water 0.22um filter,H3N-R1 Acute Tank Water 0.22um filter,1,40,5,11%,11,15,15%,104,,2024-07-30,,,,,,,,,,,,,,,,,,,,,,,,,,,,,,,,,,,
H3N-R1,Acute,Crassostrea virginica,Tank Water,0.22um filter,Tank Water 0.22um filter,H3N-R1 Acute Tank Water 0.22um filter,2,64,5,7%,7,15,15%,108,,2024-07-30,,,,,,,,,,,,,,,,,,,,,,,,,,,,,,,,,,,
H3N-R1,Acute,Crassostrea virginica,Tank Water,0.22um filter,Tank Water 0.22um filter,H3N-R1 Acute Tank Water 0.22um filter,3,95,4,4%,4,15,15%,111,,2024-07-30,,,,,,,,,,,,,,,,,,,,,,,,,,,,,,,,,,,
H3N-R1,Acute,Crassostrea virginica,Incoming Water,Unfiltered,Incoming Water Unfiltered,H3N-R1 Acute Incoming Water Unfiltered,1,61,4,6%,6,15,15%,109,,2024-07-30,,,,,,,,,,,,,,,,,,,,,,,,,,,,,,,,,,,
H3N-R1,Acute,Crassostrea virginica,Incoming Water,Unfiltered,Incoming Water Unfiltered,H3N-R1 Acute Incoming Water Unfiltered,2,49,2,4%,4,15,15%,111,,2024-07-30,,,,,,,,,,,,,,,,,,,,,,,,,,,,,,,,,,,
H3N-R1,Acute,Crassostrea virginica,Incoming Water,Unfiltered,Incoming Water Unfiltered,H3N-R1 Acute Incoming Water Unfiltered,3,110,5,4%,4,15,15%,111,,2024-07-30,,,,,,,,,,,,,,,,,,,,,,,,,,,,,,,,,,,
H3N-R1,Acute,Crassostrea virginica,Incoming Water,0.22um filter,Incoming Water 0.22um filter,H3N-R1 Acute Incoming Water 0.22um filter,1,114,9,7%,7,15,15%,108,,2024-07-30,,,,,,,,,,,,,,,,,,,,,,,,,,,,,,,,,,,
H3N-R1,Acute,Crassostrea virginica,Incoming Water,0.22um filter,Incoming Water 0.22um filter,H3N-R1 Acute Incoming Water 0.22um filter,2,67,11,14%,14,15,15%,101,,2024-07-30,,,,,,,,,,,,,,,,,,,,,,,,,,,,,,,,,,,
H3N-R1,Acute,Crassostrea virginica,Incoming Water,0.22um filter,Incoming Water 0.22um filter,H3N-R1 Acute Incoming Water 0.22um filter,3,50,10,17%,17,15,15%,98,,2024-07-30,,,,,,,,,,,,,,,,,,,,,,,,,,,,,,,,,,,
H3N-R1,Acute,Crassostrea virginica,Shed Water,Unfiltered,Shed Water Unfiltered,H3N-R1 Acute Shed Water Unfiltered,1,56,2,3%,3,15,15%,111,,2024-07-30,,,,,,,,,,,,,,,,,,,,,,,,,,,,,,,,,,,
H3N-R1,Acute,Crassostrea virginica,Shed Water,Unfiltered,Shed Water Unfiltered,H3N-R1 Acute Shed Water Unfiltered,2,80,12,13%,13,15,15%,102,,2024-07-30,,,,,,,,,,,,,,,,,,,,,,,,,,,,,,,,,,,
H3N-R1,Acute,Crassostrea virginica,Shed Water,Unfiltered,Shed Water Unfiltered,H3N-R1 Acute Shed Water Unfiltered,3,88,8,8%,8,15,15%,107,,2024-07-30,,,,,,,,,,,,,,,,,,,,,,,,,,,,,,,,,,,
H3N-R1,Acute,Crassostrea virginica,Shed Water,0.22um filter,Shed Water 0.22um filter,H3N-R1 Acute Shed Water 0.22um filter,1,54,8,13%,13,15,15%,102,,2024-07-30,,,,,,,,,,,,,,,,,,,,,,,,,,,,,,,,,,,
H3N-R1,Acute,Crassostrea virginica,Shed Water,0.22um filter,Shed Water 0.22um filter,H3N-R1 Acute Shed Water 0.22um filter,2,56,13,19%,19,15,15%,96,,2024-07-30,,,,,,,,,,,,,,,,,,,,,,,,,,,,,,,,,,,
H3N-R1,Acute,Crassostrea virginica,Shed Water,0.22um filter,Shed Water 0.22um filter,H3N-R1 Acute Shed Water 0.22um filter,3,56,4,7%,7,15,15%,108,,2024-07-30,,,,,,,,,,,,,,,,,,,,,,,,,,,,,,,,,,,
YPH-R2,Acute,Crassostrea virginica,Tank Water,Unfiltered,Tank Water Unfiltered,YPH-R2 Acute Tank Water Unfiltered,1,32,6,16%,16,15,15%,99,,2024-07-30,,,,,,,,,,,,,,,,,,,,,,,,,,,,,,,,,,,
YPH-R2,Acute,Crassostrea virginica,Tank Water,Unfiltered,Tank Water Unfiltered,YPH-R2 Acute Tank Water Unfiltered,2,91,3,3%,3,15,15%,112,,2024-07-30,,,,,,,,,,,,,,,,,,,,,,,,,,,,,,,,,,,
YPH-R2,Acute,Crassostrea virginica,Tank Water,Unfiltered,Tank Water Unfiltered,YPH-R2 Acute Tank Water Unfiltered,3,66,8,11%,11,15,15%,104,,2024-07-30,,,,,,,,,,,,,,,,,,,,,,,,,,,,,,,,,,,
YPH-R2,Acute,Crassostrea virginica,Tank Water,0.22um filter,Tank Water 0.22um filter,YPH-R2 Acute Tank Water 0.22um filter,1,89,19,18%,18,15,15%,97,,2024-07-30,,,,,,,,,,,,,,,,,,,,,,,,,,,,,,,,,,,
YPH-R2,Acute,Crassostrea virginica,Tank Water,0.22um filter,Tank Water 0.22um filter,YPH-R2 Acute Tank Water 0.22um filter,2,84,3,3%,3,15,15%,111,,2024-07-30,,,,,,,,,,,,,,,,,,,,,,,,,,,,,,,,,,,
YPH-R2,Acute,Crassostrea virginica,Tank Water,0.22um filter,Tank Water 0.22um filter,YPH-R2 Acute Tank Water 0.22um filter,3,29,6,17%,17,15,15%,98,,2024-07-30,,,,,,,,,,,,,,,,,,,,,,,,,,,,,,,,,,,
YPH-R2,Acute,Crassostrea virginica,Incoming Water,Unfiltered,Incoming Water Unfiltered,YPH-R2 Acute Incoming Water Unfiltered,1,47,6,11%,11,15,15%,104,,2024-07-30,,,,,,,,,,,,,,,,,,,,,,,,,,,,,,,,,,,
YPH-R2,Acute,Crassostrea virginica,Incoming Water,Unfiltered,Incoming Water Unfiltered,YPH-R2 Acute Incoming Water Unfiltered,2,47,0,0%,0,15,15%,115,,2024-07-30,,,,,,,,,,,,,,,,,,,,,,,,,,,,,,,,,,,
YPH-R2,Acute,Crassostrea virginica,Incoming Water,Unfiltered,Incoming Water Unfiltered,YPH-R2 Acute Incoming Water Unfiltered,3,45,12,21%,21,15,15%,94,,2024-07-30,,,,,,,,,,,,,,,,,,,,,,,,,,,,,,,,,,,
YPH-R2,Acute,Crassostrea virginica,Incoming Water,0.22um filter,Incoming Water 0.22um filter,YPH-R2 Acute Incoming Water 0.22um filter,1,50,7,12%,12,15,15%,103,,2024-07-30,,,,,,,,,,,,,,,,,,,,,,,,,,,,,,,,,,,
YPH-R2,Acute,Crassostrea virginica,Incoming Water,0.22um filter,Incoming Water 0.22um filter,YPH-R2 Acute Incoming Water 0.22um filter,2,66,18,21%,21,15,15%,94,,2024-07-30,,,,,,,,,,,,,,,,,,,,,,,,,,,,,,,,,,,
YPH-R2,Acute,Crassostrea virginica,Incoming Water,0.22um filter,Incoming Water 0.22um filter,YPH-R2 Acute Incoming Water 0.22um filter,3,23,3,12%,12,15,15%,103,,2024-07-30,,,,,,,,,,,,,,,,,,,,,,,,,,,,,,,,,,,
YPH-R2,Acute,Crassostrea virginica,Shed Water,Unfiltered,Shed Water Unfiltered,YPH-R2 Acute Shed Water Unfiltered,1,37,8,18%,18,15,15%,97,,2024-07-30,,,,,,,,,,,,,,,,,,,,,,,,,,,,,,,,,,,
YPH-R2,Acute,Crassostrea virginica,Shed Water,Unfiltered,Shed Water Unfiltered,YPH-R2 Acute Shed Water Unfiltered,2,39,13,25%,25,15,15%,90,,2024-07-30,,,,,,,,,,,,,,,,,,,,,,,,,,,,,,,,,,,
YPH-R2,Acute,Crassostrea virginica,Shed Water,Unfiltered,Shed Water Unfiltered,YPH-R2 Acute Shed Water Unfiltered,3,83,10,11%,11,15,15%,104,,2024-07-30,,,,,,,,,,,,,,,,,,,,,,,,,,,,,,,,,,,
YPH-R2,Acute,Crassostrea virginica,Shed Water,0.22um filter,Shed Water 0.22um filter,YPH-R2 Acute Shed Water 0.22um filter,1,52,12,19%,19,15,15%,96,,2024-07-30,,,,,,,,,,,,,,,,,,,,,,,,,,,,,,,,,,,
YPH-R2,Acute,Crassostrea virginica,Shed Water,0.22um filter,Shed Water 0.22um filter,YPH-R2 Acute Shed Water 0.22um filter,2,25,7,22%,22,15,15%,93,,2024-07-30,,,,,,,,,,,,,,,,,,,,,,,,,,,,,,,,,,,
YPH-R2,Acute,Crassostrea virginica,Shed Water,0.22um filter,Shed Water 0.22um filter,YPH-R2 Acute Shed Water 0.22um filter,3,51,8,14%,14,15,15%,101,,2024-07-30,,,,,,,,,,,,,,,,,,,,,,,,,,,,,,,,,,,
RRD-R1,Acute,Crassostrea virginica,Shed Water,Unfiltered,Shed Water Unfiltered,RRD-R1 Acute Shed Water Unfiltered,1,51,2,4%,4,15,15%,111,,2024-07-30,,,,,,,,,,,,,,,,,,,,,,,,,,,,,,,,,,,
RRD-R1,Acute,Crassostrea virginica,Shed Water,Unfiltered,Shed Water Unfiltered,RRD-R1 Acute Shed Water Unfiltered,2,37,19,34%,34,15,15%,81,,2024-07-30,,,,,,,,,,,,,,,,,,,,,,,,,,,,,,,,,,,
RRD-R1,Acute,Crassostrea virginica,Shed Water,Unfiltered,Shed Water Unfiltered,RRD-R1 Acute Shed Water Unfiltered,3,41,0,0%,0,15,15%,115,,2024-07-30,,,,,,,,,,,,,,,,,,,,,,,,,,,,,,,,,,,
RRD-R1,Acute,Crassostrea virginica,Shed Water,0.22um filter,Shed Water 0.22um filter,RRD-R1 Acute Shed Water 0.22um filter,1,59,3,5%,5,15,15%,110,,2024-07-30,,,,,,,,,,,,,,,,,,,,,,,,,,,,,,,,,,,
RRD-R1,Acute,Crassostrea virginica,Shed Water,0.22um filter,Shed Water 0.22um filter,RRD-R1 Acute Shed Water 0.22um filter,2,37,1,3%,3,15,15%,112,,2024-07-30,,,,,,,,,,,,,,,,,,,,,,,,,,,,,,,,,,,
RRD-R1,Acute,Crassostrea virginica,Shed Water,0.22um filter,Shed Water 0.22um filter,RRD-R1 Acute Shed Water 0.22um filter,3,70,0,0%,0,15,15%,115,,2024-07-30,,,,,,,,,,,,,,,,,,,,,,,,,,,,,,,,,,,
H3N-R1,Acute,Crassostrea virginica,Tank Water,Unfiltered,Tank Water Unfiltered,H3N-R1 Acute Tank Water Unfiltered,1,100,0,0%,0,1,1%,101,,2024-08-21,,,,,,,,,,,,,,,,,,,,,,,,,,,,,,,,,,,
H3N-R1,Acute,Crassostrea virginica,Tank Water,Unfiltered,Tank Water Unfiltered,H3N-R1 Acute Tank Water Unfiltered,2,100,4,4%,4,1,1%,97,,2024-08-21,,,,,,,,,,,,,,,,,,,,,,,,,,,,,,,,,,,
H3N-R1,Acute,Crassostrea virginica,Tank Water,Unfiltered,Tank Water Unfiltered,H3N-R1 Acute Tank Water Unfiltered,3,100,0,0%,0,1,1%,101,,2024-08-21,,,,,,,,,,,,,,,,,,,,,,,,,,,,,,,,,,,
H3N-R1,Acute,Crassostrea virginica,Tank Water,0.22um filter,Tank Water 0.22um filter,H3N-R1 Acute Tank Water 0.22um filter,1,100,0,0%,0,1,1%,101,,2024-08-21,,,,,,,,,,,,,,,,,,,,,,,,,,,,,,,,,,,
H3N-R1,Acute,Crassostrea virginica,Tank Water,0.22um filter,Tank Water 0.22um filter,H3N-R1 Acute Tank Water 0.22um filter,2,100,0,0%,0,1,1%,101,,2024-08-21,,,,,,,,,,,,,,,,,,,,,,,,,,,,,,,,,,,
H3N-R1,Acute,Crassostrea virginica,Tank Water,0.22um filter,Tank Water 0.22um filter,H3N-R1 Acute Tank Water 0.22um filter,3,103,3,3%,3,1,1%,98,,2024-08-21,,,,,,,,,,,,,,,,,,,,,,,,,,,,,,,,,,,
H3N-R1,Acute,Crassostrea virginica,Incoming Water,Unfiltered,Incoming Water Unfiltered,H3N-R1 Acute Incoming Water Unfiltered,1,100,0,0%,0,1,1%,101,,2024-08-21,,,,,,,,,,,,,,,,,,,,,,,,,,,,,,,,,,,
H3N-R1,Acute,Crassostrea virginica,Incoming Water,Unfiltered,Incoming Water Unfiltered,H3N-R1 Acute Incoming Water Unfiltered,2,100,0,0%,0,1,1%,101,,2024-08-21,,,,,,,,,,,,,,,,,,,,,,,,,,,,,,,,,,,
H3N-R1,Acute,Crassostrea virginica,Incoming Water,Unfiltered,Incoming Water Unfiltered,H3N-R1 Acute Incoming Water Unfiltered,3,100,0,0%,0,1,1%,101,,2024-08-21,,,,,,,,,,,,,,,,,,,,,,,,,,,,,,,,,,,
H3N-R1,Acute,Crassostrea virginica,Incoming Water,0.22um filter,Incoming Water 0.22um filter,H3N-R1 Acute Incoming Water 0.22um filter,1,100,0,0%,0,1,1%,101,,2024-08-21,,,,,,,,,,,,,,,,,,,,,,,,,,,,,,,,,,,
H3N-R1,Acute,Crassostrea virginica,Incoming Water,0.22um filter,Incoming Water 0.22um filter,H3N-R1 Acute Incoming Water 0.22um filter,2,100,0,0%,0,1,1%,101,,2024-08-21,,,,,,,,,,,,,,,,,,,,,,,,,,,,,,,,,,,
H3N-R1,Acute,Crassostrea virginica,Incoming Water,0.22um filter,Incoming Water 0.22um filter,H3N-R1 Acute Incoming Water 0.22um filter,3,100,0,0%,0,1,1%,101,,2024-08-21,,,,,,,,,,,,,,,,,,,,,,,,,,,,,,,,,,,
H3N-R1,Acute,Crassostrea virginica,Shed Water,Unfiltered,Shed Water Unfiltered,H3N-R1 Acute Shed Water Unfiltered,1,125,0,0%,0,1,1%,101,,2024-08-21,,,,,,,,,,,,,,,,,,,,,,,,,,,,,,,,,,,
H3N-R1,Acute,Crassostrea virginica,Shed Water,Unfiltered,Shed Water Unfiltered,H3N-R1 Acute Shed Water Unfiltered,2,149,2,1%,1,1,1%,99,,2024-08-21,,,,,,,,,,,,,,,,,,,,,,,,,,,,,,,,,,,
H3N-R1,Acute,Crassostrea virginica,Shed Water,Unfiltered,Shed Water Unfiltered,H3N-R1 Acute Shed Water Unfiltered,3,100,0,0%,0,1,1%,101,,2024-08-21,,,,,,,,,,,,,,,,,,,,,,,,,,,,,,,,,,,
H3N-R1,Acute,Crassostrea virginica,Shed Water,0.22um filter,Shed Water 0.22um filter,H3N-R1 Acute Shed Water 0.22um filter,1,100,0,0%,0,1,1%,101,,2024-08-21,,,,,,,,,,,,,,,,,,,,,,,,,,,,,,,,,,,
H3N-R1,Acute,Crassostrea virginica,Shed Water,0.22um filter,Shed Water 0.22um filter,H3N-R1 Acute Shed Water 0.22um filter,2,100,0,0%,0,1,1%,101,,2024-08-21,,,,,,,,,,,,,,,,,,,,,,,,,,,,,,,,,,,
H3N-R1,Acute,Crassostrea virginica,Shed Water,0.22um filter,Shed Water 0.22um filter,H3N-R1 Acute Shed Water 0.22um filter,3,99,1,1%,1,1,1%,100,,2024-08-21,,,,,,,,,,,,,,,,,,,,,,,,,,,,,,,,,,,
YPH-R2,Acute,Crassostrea virginica,Tank Water,Unfiltered,Tank Water Unfiltered,YPH-R2 Acute Tank Water Unfiltered,1,100,0,0%,0,1,1%,101,,2024-08-21,,,,,,,,,,,,,,,,,,,,,,,,,,,,,,,,,,,
YPH-R2,Acute,Crassostrea virginica,Tank Water,Unfiltered,Tank Water Unfiltered,YPH-R2 Acute Tank Water Unfiltered,2,135,0,0%,0,1,1%,101,,2024-08-21,,,,,,,,,,,,,,,,,,,,,,,,,,,,,,,,,,,
YPH-R2,Acute,Crassostrea virginica,Tank Water,Unfiltered,Tank Water Unfiltered,YPH-R2 Acute Tank Water Unfiltered,3,175,0,0%,0,1,1%,101,,2024-08-21,,,,,,,,,,,,,,,,,,,,,,,,,,,,,,,,,,,
YPH-R2,Acute,Crassostrea virginica,Tank Water,0.22um filter,Tank Water 0.22um filter,YPH-R2 Acute Tank Water 0.22um filter,1,100,0,0%,0,1,1%,101,,2024-08-21,,,,,,,,,,,,,,,,,,,,,,,,,,,,,,,,,,,
YPH-R2,Acute,Crassostrea virginica,Tank Water,0.22um filter,Tank Water 0.22um filter,YPH-R2 Acute Tank Water 0.22um filter,2,100,0,0%,0,1,1%,101,,2024-08-21,,,,,,,,,,,,,,,,,,,,,,,,,,,,,,,,,,,
YPH-R2,Acute,Crassostrea virginica,Tank Water,0.22um filter,Tank Water 0.22um filter,YPH-R2 Acute Tank Water 0.22um filter,3,100,0,0%,0,1,1%,101,,2024-08-21,,,,,,,,,,,,,,,,,,,,,,,,,,,,,,,,,,,
YPH-R2,Acute,Crassostrea virginica,Incoming Water,Unfiltered,Incoming Water Unfiltered,YPH-R2 Acute Incoming Water Unfiltered,1,137,3,2%,2,1,1%,98,,2024-08-21,,,,,,,,,,,,,,,,,,,,,,,,,,,,,,,,,,,
YPH-R2,Acute,Crassostrea virginica,Incoming Water,Unfiltered,Incoming Water Unfiltered,YPH-R2 Acute Incoming Water Unfiltered,2,115,3,3%,3,1,1%,98,,2024-08-21,,,,,,,,,,,,,,,,,,,,,,,,,,,,,,,,,,,
YPH-R2,Acute,Crassostrea virginica,Incoming Water,Unfiltered,Incoming Water Unfiltered,YPH-R2 Acute Incoming Water Unfiltered,3,128,2,2%,2,1,1%,99,,2024-08-21,,,,,,,,,,,,,,,,,,,,,,,,,,,,,,,,,,,
YPH-R2,Acute,Crassostrea virginica,Incoming Water,0.22um filter,Incoming Water 0.22um filter,YPH-R2 Acute Incoming Water 0.22um filter,1,138,0,0%,0,1,1%,101,,2024-08-21,,,,,,,,,,,,,,,,,,,,,,,,,,,,,,,,,,,
YPH-R2,Acute,Crassostrea virginica,Incoming Water,0.22um filter,Incoming Water 0.22um filter,YPH-R2 Acute Incoming Water 0.22um filter,2,210,3,1%,1,1,1%,99,,2024-08-21,,,,,,,,,,,,,,,,,,,,,,,,,,,,,,,,,,,
YPH-R2,Acute,Crassostrea virginica,Incoming Water,0.22um filter,Incoming Water 0.22um filter,YPH-R2 Acute Incoming Water 0.22um filter,3,123,0,0%,0,1,1%,101,,2024-08-21,,,,,,,,,,,,,,,,,,,,,,,,,,,,,,,,,,,
YPH-R2,Acute,Crassostrea virginica,Shed Water,Unfiltered,Shed Water Unfiltered,YPH-R2 Acute Shed Water Unfiltered,1,100,0,0%,0,1,1%,101,,2024-08-21,,,,,,,,,,,,,,,,,,,,,,,,,,,,,,,,,,,
YPH-R2,Acute,Crassostrea virginica,Shed Water,Unfiltered,Shed Water Unfiltered,YPH-R2 Acute Shed Water Unfiltered,2,155,6,4%,4,1,1%,97,,2024-08-21,,,,,,,,,,,,,,,,,,,,,,,,,,,,,,,,,,,
YPH-R2,Acute,Crassostrea virginica,Shed Water,Unfiltered,Shed Water Unfiltered,YPH-R2 Acute Shed Water Unfiltered,3,100,0,0%,0,1,1%,101,,2024-08-21,,,,,,,,,,,,,,,,,,,,,,,,,,,,,,,,,,,
YPH-R2,Acute,Crassostrea virginica,Shed Water,0.22um filter,Shed Water 0.22um filter,YPH-R2 Acute Shed Water 0.22um filter,1,100,0,0%,0,1,1%,101,,2024-08-21,,,,,,,,,,,,,,,,,,,,,,,,,,,,,,,,,,,
YPH-R2,Acute,Crassostrea virginica,Shed Water,0.22um filter,Shed Water 0.22um filter,YPH-R2 Acute Shed Water 0.22um filter,2,100,0,0%,0,1,1%,101,,2024-08-21,,,,,,,,,,,,,,,,,,,,,,,,,,,,,,,,,,,
YPH-R2,Acute,Crassostrea virginica,Shed Water,0.22um filter,Shed Water 0.22um filter,YPH-R2 Acute Shed Water 0.22um filter,3,100,0,0%,0,1,1%,101,,2024-08-21,,,,,,,,,,,,,,,,,,,,,,,,,,,,,,,,,,,
RRD-R1,Acute,Crassostrea virginica,Shed Water,Unfiltered,Shed Water Unfiltered,RRD-R1 Acute Shed Water Unfiltered,1,100,0,0%,0,1,1%,101,,2024-08-21,,,,,,,,,,,,,,,,,,,,,,,,,,,,,,,,,,,
RRD-R1,Acute,Crassostrea virginica,Shed Water,Unfiltered,Shed Water Unfiltered,RRD-R1 Acute Shed Water Unfiltered,2,126,1,1%,1,1,1%,100,,2024-08-21,,,,,,,,,,,,,,,,,,,,,,,,,,,,,,,,,,,
RRD-R1,Acute,Crassostrea virginica,Shed Water,Unfiltered,Shed Water Unfiltered,RRD-R1 Acute Shed Water Unfiltered,3,108,1,1%,1,1,1%,100,,2024-08-21,,,,,,,,,,,,,,,,,,,,,,,,,,,,,,,,,,,
RRD-R1,Acute,Crassostrea virginica,Shed Water,0.22um filter,Shed Water 0.22um filter,RRD-R1 Acute Shed Water 0.22um filter,1,100,0,0%,0,1,1%,101,,2024-08-21,,,,,,,,,,,,,,,,,,,,,,,,,,,,,,,,,,,
RRD-R1,Acute,Crassostrea virginica,Shed Water,0.22um filter,Shed Water 0.22um filter,RRD-R1 Acute Shed Water 0.22um filter,2,100,2,2%,2,1,1%,99,,2024-08-21,,,,,,,,,,,,,,,,,,,,,,,,,,,,,,,,,,,
RRD-R1,Acute,Crassostrea virginica,Shed Water,0.22um filter,Shed Water 0.22um filter,RRD-R1 Acute Shed Water 0.22um filter,3,100,0,0%,0,1,1%,101,,2024-08-21,,,,,,,,,,,,,,,,,,,,,,,,,,,,,,,,,,,
V7H-R1,Acute,Mercenaria mercenaria,Tank Water,Unfiltered,Tank Water Unfiltered,V7H-R1 Acute Tank Water Unfiltered,1,98,4,4%,4,3,3%,99,,2024-11-14,,,,,,,,,,,,,,,,,,,,,,,,,,,,,,,,,,,
V7H-R1,Acute,Mercenaria mercenaria,Tank Water,Unfiltered,Tank Water Unfiltered,V7H-R1 Acute Tank Water Unfiltered,2,53,3,5%,5,3,3%,98,,2024-11-14,,,,,,,,,,,,,,,,,,,,,,,,,,,,,,,,,,,
V7H-R1,Acute,Mercenaria mercenaria,Tank Water,Unfiltered,Tank Water Unfiltered,V7H-R1 Acute Tank Water Unfiltered,3,81,8,9%,9,3,3%,94,,2024-11-14,,,,,,,,,,,,,,,,,,,,,,,,,,,,,,,,,,,
V7H-R1,Acute,Mercenaria mercenaria,Tank Water,0.22um filter,Tank Water 0.22um filter,V7H-R1 Acute Tank Water 0.22um filter,1,64,43,40%,40,3,3%,63,,2024-11-14,,,,,,,,,,,,,,,,,,,,,,,,,,,,,,,,,,,
V7H-R1,Acute,Mercenaria mercenaria,Tank Water,0.22um filter,Tank Water 0.22um filter,V7H-R1 Acute Tank Water 0.22um filter,2,54,79,59%,59,3,3%,44,,2024-11-14,,,,,,,,,,,,,,,,,,,,,,,,,,,,,,,,,,,
V7H-R1,Acute,Mercenaria mercenaria,Tank Water,0.22um filter,Tank Water 0.22um filter,V7H-R1 Acute Tank Water 0.22um filter,3,63,71,53%,53,3,3%,50,,2024-11-14,,,,,,,,,,,,,,,,,,,,,,,,,,,,,,,,,,,
V7H-R1,Acute,Mercenaria mercenaria,Incoming Water,Unfiltered,Incoming Water Unfiltered,V7H-R1 Acute Incoming Water Unfiltered,1,55,23,29%,29,3,3%,74,,2024-11-14,,,,,,,,,,,,,,,,,,,,,,,,,,,,,,,,,,,
V7H-R1,Acute,Mercenaria mercenaria,Incoming Water,Unfiltered,Incoming Water Unfiltered,V7H-R1 Acute Incoming Water Unfiltered,2,46,6,12%,12,3,3%,92,,2024-11-14,,,,,,,,,,,,,,,,,,,,,,,,,,,,,,,,,,,
V7H-R1,Acute,Mercenaria mercenaria,Incoming Water,Unfiltered,Incoming Water Unfiltered,V7H-R1 Acute Incoming Water Unfiltered,3,42,15,26%,26,3,3%,77,,2024-11-14,,,,,,,,,,,,,,,,,,,,,,,,,,,,,,,,,,,
V7H-R1,Acute,Mercenaria mercenaria,Incoming Water,0.22um filter,Incoming Water 0.22um filter,V7H-R1 Acute Incoming Water 0.22um filter,1,44,15,25%,25,3,3%,78,,2024-11-14,,,,,,,,,,,,,,,,,,,,,,,,,,,,,,,,,,,
V7H-R1,Acute,Mercenaria mercenaria,Incoming Water,0.22um filter,Incoming Water 0.22um filter,V7H-R1 Acute Incoming Water 0.22um filter,2,58,20,26%,26,3,3%,78,,2024-11-14,,,,,,,,,,,,,,,,,,,,,,,,,,,,,,,,,,,
V7H-R1,Acute,Mercenaria mercenaria,Incoming Water,0.22um filter,Incoming Water 0.22um filter,V7H-R1 Acute Incoming Water 0.22um filter,3,45,21,32%,32,3,3%,72,,2024-11-14,,,,,,,,,,,,,,,,,,,,,,,,,,,,,,,,,,,
V7H-R1,Acute,Mercenaria mercenaria,Shed Water,Unfiltered,Shed Water Unfiltered,V7H-R1 Acute Shed Water Unfiltered,1,97,11,10%,10,3,3%,93,,2024-11-14,,,,,,,,,,,,,,,,,,,,,,,,,,,,,,,,,,,
V7H-R1,Acute,Mercenaria mercenaria,Shed Water,Unfiltered,Shed Water Unfiltered,V7H-R1 Acute Shed Water Unfiltered,2,97,18,16%,16,3,3%,88,,2024-11-14,,,,,,,,,,,,,,,,,,,,,,,,,,,,,,,,,,,
V7H-R1,Acute,Mercenaria mercenaria,Shed Water,Unfiltered,Shed Water Unfiltered,V7H-R1 Acute Shed Water Unfiltered,3,112,22,16%,16,3,3%,87,,2024-11-14,,,,,,,,,,,,,,,,,,,,,,,,,,,,,,,,,,,
V7H-R1,Acute,Mercenaria mercenaria,Shed Water,0.22um filter,Shed Water 0.22um filter,V7H-R1 Acute Shed Water 0.22um filter,1,95,11,10%,10,3,3%,93,,2024-11-14,,,,,,,,,,,,,,,,,,,,,,,,,,,,,,,,,,,
V7H-R1,Acute,Mercenaria mercenaria,Shed Water,0.22um filter,Shed Water 0.22um filter,V7H-R1 Acute Shed Water 0.22um filter,2,102,14,12%,12,3,3%,91,,2024-11-14,,,,,,,,,,,,,,,,,,,,,,,,,,,,,,,,,,,
V7H-R1,Acute,Mercenaria mercenaria,Shed Water,0.22um filter,Shed Water 0.22um filter,V7H-R1 Acute Shed Water 0.22um filter,3,87,11,11%,11,3,3%,92,,2024-11-14,,,,,,,,,,,,,,,,,,,,,,,,,,,,,,,,,,,
XXH-R1,Acute,Mercenaria mercenaria,Tank Water,Unfiltered,Tank Water Unfiltered,XXH-R1 Acute Tank Water Unfiltered,1,66,7,10%,10,3,3%,94,,2024-11-14,,,,,,,,,,,,,,,,,,,,,,,,,,,,,,,,,,,
XXH-R1,Acute,Mercenaria mercenaria,Tank Water,Unfiltered,Tank Water Unfiltered,XXH-R1 Acute Tank Water Unfiltered,2,131,20,13%,13,3,3%,90,,2024-11-14,,,,,,,,,,,,,,,,,,,,,,,,,,,,,,,,,,,
XXH-R1,Acute,Mercenaria mercenaria,Tank Water,Unfiltered,Tank Water Unfiltered,XXH-R1 Acute Tank Water Unfiltered,3,67,10,13%,13,3,3%,90,,2024-11-14,,,,,,,,,,,,,,,,,,,,,,,,,,,,,,,,,,,
XXH-R1,Acute,Mercenaria mercenaria,Tank Water,0.22um filter,Tank Water 0.22um filter,XXH-R1 Acute Tank Water 0.22um filter,1,84,12,13%,13,3,3%,91,,2024-11-14,,,,,,,,,,,,,,,,,,,,,,,,,,,,,,,,,,,
XXH-R1,Acute,Mercenaria mercenaria,Tank Water,0.22um filter,Tank Water 0.22um filter,XXH-R1 Acute Tank Water 0.22um filter,2,72,14,16%,16,3,3%,87,,2024-11-14,,,,,,,,,,,,,,,,,,,,,,,,,,,,,,,,,,,
XXH-R1,Acute,Mercenaria mercenaria,Tank Water,0.22um filter,Tank Water 0.22um filter,XXH-R1 Acute Tank Water 0.22um filter,3,89,16,15%,15,3,3%,88,,2024-11-14,,,,,,,,,,,,,,,,,,,,,,,,,,,,,,,,,,,
XXH-R1,Acute,Mercenaria mercenaria,Incoming Water,Unfiltered,Incoming Water Unfiltered,XXH-R1 Acute Incoming Water Unfiltered,1,85,19,18%,18,3,3%,85,,2024-11-14,,,,,,,,,,,,,,,,,,,,,,,,,,,,,,,,,,,
XXH-R1,Acute,Mercenaria mercenaria,Incoming Water,Unfiltered,Incoming Water Unfiltered,XXH-R1 Acute Incoming Water Unfiltered,2,97,14,13%,13,3,3%,91,,2024-11-14,,,,,,,,,,,,,,,,,,,,,,,,,,,,,,,,,,,
XXH-R1,Acute,Mercenaria mercenaria,Incoming Water,Unfiltered,Incoming Water Unfiltered,XXH-R1 Acute Incoming Water Unfiltered,3,76,13,15%,15,3,3%,89,,2024-11-14,,,,,,,,,,,,,,,,,,,,,,,,,,,,,,,,,,,
XXH-R1,Acute,Mercenaria mercenaria,Incoming Water,0.22um filter,Incoming Water 0.22um filter,XXH-R1 Acute Incoming Water 0.22um filter,1,80,19,19%,19,3,3%,84,,2024-11-14,,,,,,,,,,,,,,,,,,,,,,,,,,,,,,,,,,,
XXH-R1,Acute,Mercenaria mercenaria,Incoming Water,0.22um filter,Incoming Water 0.22um filter,XXH-R1 Acute Incoming Water 0.22um filter,2,95,10,10%,10,3,3%,94,,2024-11-14,,,,,,,,,,,,,,,,,,,,,,,,,,,,,,,,,,,
XXH-R1,Acute,Mercenaria mercenaria,Incoming Water,0.22um filter,Incoming Water 0.22um filter,XXH-R1 Acute Incoming Water 0.22um filter,3,74,9,11%,11,3,3%,93,,2024-11-14,,,,,,,,,,,,,,,,,,,,,,,,,,,,,,,,,,,
XXH-R1,Acute,Mercenaria mercenaria,Shed Water,Unfiltered,Shed Water Unfiltered,XXH-R1 Acute Shed Water Unfiltered,1,65,17,21%,21,3,3%,83,,2024-11-14,,,,,,,,,,,,,,,,,,,,,,,,,,,,,,,,,,,
XXH-R1,Acute,Mercenaria mercenaria,Shed Water,Unfiltered,Shed Water Unfiltered,XXH-R1 Acute Shed Water Unfiltered,2,91,19,17%,17,3,3%,86,,2024-11-14,,,,,,,,,,,,,,,,,,,,,,,,,,,,,,,,,,,
XXH-R1,Acute,Mercenaria mercenaria,Shed Water,Unfiltered,Shed Water Unfiltered,XXH-R1 Acute Shed Water Unfiltered,3,74,12,14%,14,3,3%,89,,2024-11-14,,,,,,,,,,,,,,,,,,,,,,,,,,,,,,,,,,,
XXH-R1,Acute,Mercenaria mercenaria,Shed Water,0.22um filter,Shed Water 0.22um filter,XXH-R1 Acute Shed Water 0.22um filter,1,85,9,10%,10,3,3%,94,,2024-11-14,,,,,,,,,,,,,,,,,,,,,,,,,,,,,,,,,,,
XXH-R1,Acute,Mercenaria mercenaria,Shed Water,0.22um filter,Shed Water 0.22um filter,XXH-R1 Acute Shed Water 0.22um filter,2,74,8,10%,10,3,3%,94,,2024-11-14,,,,,,,,,,,,,,,,,,,,,,,,,,,,,,,,,,,
XXH-R1,Acute,Mercenaria mercenaria,Shed Water,0.22um filter,Shed Water 0.22um filter,XXH-R1 Acute Shed Water 0.22um filter,3,94,15,14%,14,3,3%,90,,2024-11-14,,,,,,,,,,,,,,,,,,,,,,,,,,,,,,,,,,,
RRD-R3,Acute,Crassostrea virginica,Tank Water,Unfiltered,Tank Water Unfiltered,RRD-R3 Acute Tank Water Unfiltered,1,98,2,2%,2,0,0%,98,,2025-02-07,,,,,,,,,,,,,,,,,,,,,,,,,,,,,,,,,,,
RRD-R3,Acute,Crassostrea virginica,Tank Water,Unfiltered,Tank Water Unfiltered,RRD-R3 Acute Tank Water Unfiltered,2,97,1,1%,1,0,0%,99,,2025-02-07,,,,,,,,,,,,,,,,,,,,,,,,,,,,,,,,,,,
RRD-R3,Acute,Crassostrea virginica,Tank Water,Unfiltered,Tank Water Unfiltered,RRD-R3 Acute Tank Water Unfiltered,3,97,1,1%,1,0,0%,99,,2025-02-07,,,,,,,,,,,,,,,,,,,,,,,,,,,,,,,,,,,
RRD-R3,Acute,Crassostrea virginica,Tank Water,0.22um filter,Tank Water 0.22um filter,RRD-R3 Acute Tank Water 0.22um filter,1,100,0,0%,0,0,0%,100,,2025-02-07,,,,,,,,,,,,,,,,,,,,,,,,,,,,,,,,,,,
RRD-R3,Acute,Crassostrea virginica,Tank Water,0.22um filter,Tank Water 0.22um filter,RRD-R3 Acute Tank Water 0.22um filter,2,100,0,0%,0,0,0%,100,,2025-02-07,,,,,,,,,,,,,,,,,,,,,,,,,,,,,,,,,,,
RRD-R3,Acute,Crassostrea virginica,Tank Water,0.22um filter,Tank Water 0.22um filter,RRD-R3 Acute Tank Water 0.22um filter,3,100,0,0%,0,0,0%,100,,2025-02-07,,,,,,,,,,,,,,,,,,,,,,,,,,,,,,,,,,,
RRD-R3,Acute,Crassostrea virginica,Incoming Water,Unfiltered,Incoming Water Unfiltered,RRD-R3 Acute Incoming Water Unfiltered,1,100,0,0%,0,0,0%,100,,2025-02-07,,,,,,,,,,,,,,,,,,,,,,,,,,,,,,,,,,,
RRD-R3,Acute,Crassostrea virginica,Incoming Water,Unfiltered,Incoming Water Unfiltered,RRD-R3 Acute Incoming Water Unfiltered,2,100,0,0%,0,0,0%,100,,2025-02-07,,,,,,,,,,,,,,,,,,,,,,,,,,,,,,,,,,,
RRD-R3,Acute,Crassostrea virginica,Incoming Water,Unfiltered,Incoming Water Unfiltered,RRD-R3 Acute Incoming Water Unfiltered,3,100,0,0%,0,0,0%,100,,2025-02-07,,,,,,,,,,,,,,,,,,,,,,,,,,,,,,,,,,,
RRD-R3,Acute,Crassostrea virginica,Incoming Water,0.22um filter,Incoming Water 0.22um filter,RRD-R3 Acute Incoming Water 0.22um filter,1,100,0,0%,0,0,0%,100,,2025-02-07,,,,,,,,,,,,,,,,,,,,,,,,,,,,,,,,,,,
RRD-R3,Acute,Crassostrea virginica,Incoming Water,0.22um filter,Incoming Water 0.22um filter,RRD-R3 Acute Incoming Water 0.22um filter,2,100,0,0%,0,0,0%,100,,2025-02-07,,,,,,,,,,,,,,,,,,,,,,,,,,,,,,,,,,,
RRD-R3,Acute,Crassostrea virginica,Incoming Water,0.22um filter,Incoming Water 0.22um filter,RRD-R3 Acute Incoming Water 0.22um filter,3,100,0,0%,0,0,0%,100,,2025-02-07,,,,,,,,,,,,,,,,,,,,,,,,,,,,,,,,,,,
FNT-R1,Acute,Crassostrea virginica,Tank Water,Unfiltered,Tank Water Unfiltered,FNT-R1 Acute Tank Water Unfiltered,1,110,3,3%,3,1,1%,98,,2025-03-20,,,,,,,,,,,,,,,,,,,,,,,,,,,,,,,,,,,
FNT-R1,Acute,Crassostrea virginica,Tank Water,Unfiltered,Tank Water Unfiltered,FNT-R1 Acute Tank Water Unfiltered,2,89,6,6%,6,1,1%,95,,2025-03-20,,,,,,,,,,,,,,,,,,,,,,,,,,,,,,,,,,,
FNT-R1,Acute,Crassostrea virginica,Tank Water,Unfiltered,Tank Water Unfiltered,FNT-R1 Acute Tank Water Unfiltered,3,105,8,7%,7,1,1%,94,,2025-03-20,,,,,,,,,,,,,,,,,,,,,,,,,,,,,,,,,,,
FNT-R1,Acute,Crassostrea virginica,Tank Water,0.22um filter,Tank Water 0.22um filter,FNT-R1 Acute Tank Water 0.22um filter,1,75,8,10%,10,1,1%,91,,2025-03-20,,,,,,,,,,,,,,,,,,,,,,,,,,,,,,,,,,,
FNT-R1,Acute,Crassostrea virginica,Tank Water,0.22um filter,Tank Water 0.22um filter,FNT-R1 Acute Tank Water 0.22um filter,2,78,4,5%,5,1,1%,96,,2025-03-20,,,,,,,,,,,,,,,,,,,,,,,,,,,,,,,,,,,
FNT-R1,Acute,Crassostrea virginica,Tank Water,0.22um filter,Tank Water 0.22um filter,FNT-R1 Acute Tank Water 0.22um filter,3,80,4,5%,5,1,1%,96,,2025-03-20,,,,,,,,,,,,,,,,,,,,,,,,,,,,,,,,,,,
FNT-R1,Acute,Crassostrea virginica,Tank Water,10um filter,Tank Water 10um filter,FNT-R1 Acute Tank Water 10um filter,1,90,3,3%,3,1,1%,98,,2025-03-20,,,,,,,,,,,,,,,,,,,,,,,,,,,,,,,,,,,
FNT-R1,Acute,Crassostrea virginica,Tank Water,10um filter,Tank Water 10um filter,FNT-R1 Acute Tank Water 10um filter,2,71,0,0%,0,1,1%,101,,2025-03-20,,,,,,,,,,,,,,,,,,,,,,,,,,,,,,,,,,,
FNT-R1,Acute,Crassostrea virginica,Tank Water,10um filter,Tank Water 10um filter,FNT-R1 Acute Tank Water 10um filter,3,106,4,4%,4,1,1%,97,,2025-03-20,,,,,,,,,,,,,,,,,,,,,,,,,,,,,,,,,,,
FNT-R1,Acute,Crassostrea virginica,Incoming Water,Unfiltered,Incoming Water Unfiltered,FNT-R1 Acute Incoming Water Unfiltered,1,102,1,1%,1,1,1%,100,,2025-03-20,,,,,,,,,,,,,,,,,,,,,,,,,,,,,,,,,,,
FNT-R1,Acute,Crassostrea virginica,Incoming Water,Unfiltered,Incoming Water Unfiltered,FNT-R1 Acute Incoming Water Unfiltered,2,92,9,9%,9,1,1%,92,,2025-03-20,,,,,,,,,,,,,,,,,,,,,,,,,,,,,,,,,,,
FNT-R1,Acute,Crassostrea virginica,Incoming Water,Unfiltered,Incoming Water Unfiltered,FNT-R1 Acute Incoming Water Unfiltered,3,96,4,4%,4,1,1%,97,,2025-03-20,,,,,,,,,,,,,,,,,,,,,,,,,,,,,,,,,,,
FNT-R1,Acute,Crassostrea virginica,Incoming Water,0.22um filter,Incoming Water 0.22um filter,FNT-R1 Acute Incoming Water 0.22um filter,1,101,1,1%,1,1,1%,100,,2025-03-20,,,,,,,,,,,,,,,,,,,,,,,,,,,,,,,,,,,
FNT-R1,Acute,Crassostrea virginica,Incoming Water,0.22um filter,Incoming Water 0.22um filter,FNT-R1 Acute Incoming Water 0.22um filter,2,93,10,10%,10,1,1%,91,,2025-03-20,,,,,,,,,,,,,,,,,,,,,,,,,,,,,,,,,,,
FNT-R1,Acute,Crassostrea virginica,Incoming Water,0.22um filter,Incoming Water 0.22um filter,FNT-R1 Acute Incoming Water 0.22um filter,3,104,7,6%,6,1,1%,95,,2025-03-20,,,,,,,,,,,,,,,,,,,,,,,,,,,,,,,,,,,
FNT-R1,Acute,Crassostrea virginica,Incoming Water,10um filter,Incoming Water 10um filter,FNT-R1 Acute Incoming Water 10um filter,1,98,2,2%,2,1,1%,99,,2025-03-20,,,,,,,,,,,,,,,,,,,,,,,,,,,,,,,,,,,
FNT-R1,Acute,Crassostrea virginica,Incoming Water,10um filter,Incoming Water 10um filter,FNT-R1 Acute Incoming Water 10um filter,2,107,9,8%,8,1,1%,93,,2025-03-20,,,,,,,,,,,,,,,,,,,,,,,,,,,,,,,,,,,
FNT-R1,Acute,Crassostrea virginica,Incoming Water,10um filter,Incoming Water 10um filter,FNT-R1 Acute Incoming Water 10um filter,3,88,5,5%,5,1,1%,96,,2025-03-20,,,,,,,,,,,,,,,,,,,,,,,,,,,,,,,,,,,
FNT-R1,Acute,Crassostrea virginica,Shed Water,Unfiltered,Shed Water Unfiltered,FNT-R1 Acute Shed Water Unfiltered,1,104,1,1%,1,1,1%,100,,2025-03-20,,,,,,,,,,,,,,,,,,,,,,,,,,,,,,,,,,,
FNT-R1,Acute,Crassostrea virginica,Shed Water,Unfiltered,Shed Water Unfiltered,FNT-R1 Acute Shed Water Unfiltered,2,88,3,3%,3,1,1%,98,,2025-03-20,,,,,,,,,,,,,,,,,,,,,,,,,,,,,,,,,,,
FNT-R1,Acute,Crassostrea virginica,Shed Water,Unfiltered,Shed Water Unfiltered,FNT-R1 Acute Shed Water Unfiltered,3,98,3,3%,3,1,1%,98,,2025-03-20,,,,,,,,,,,,,,,,,,,,,,,,,,,,,,,,,,,
FNT-R1,Acute,Crassostrea virginica,Shed Water,0.22um filter,Shed Water 0.22um filter,FNT-R1 Acute Shed Water 0.22um filter,1,101,4,4%,4,1,1%,97,,2025-03-20,,,,,,,,,,,,,,,,,,,,,,,,,,,,,,,,,,,
FNT-R1,Acute,Crassostrea virginica,Shed Water,0.22um filter,Shed Water 0.22um filter,FNT-R1 Acute Shed Water 0.22um filter,2,102,2,2%,2,1,1%,99,,2025-03-20,,,,,,,,,,,,,,,,,,,,,,,,,,,,,,,,,,,
FNT-R1,Acute,Crassostrea virginica,Shed Water,0.22um filter,Shed Water 0.22um filter,FNT-R1 Acute Shed Water 0.22um filter,3,112,6,5%,5,1,1%,96,,2025-03-20,,,,,,,,,,,,,,,,,,,,,,,,,,,,,,,,,,,
FNT-R1,Acute,Crassostrea virginica,Shed Water,10um filter,Shed Water 10um filter,FNT-R1 Acute Shed Water 10um filter,1,126,6,5%,5,1,1%,96,,2025-03-20,,,,,,,,,,,,,,,,,,,,,,,,,,,,,,,,,,,
FNT-R1,Acute,Crassostrea virginica,Shed Water,10um filter,Shed Water 10um filter,FNT-R1 Acute Shed Water 10um filter,2,114,3,3%,3,1,1%,98,,2025-03-20,,,,,,,,,,,,,,,,,,,,,,,,,,,,,,,,,,,
FNT-R1,Acute,Crassostrea virginica,Shed Water,10um filter,Shed Water 10um filter,FNT-R1 Acute Shed Water 10um filter,3,106,3,3%,3,1,1%,98,,2025-03-20,,,,,,,,,,,,,,,,,,,,,,,,,,,,,,,,,,,
S3W-R3,Acute,Crassostrea virginica,Tank Water,Unfiltered,Tank Water Unfiltered,S3W-R3 Acute Tank Water Unfiltered,1,100,0,0%,0,0,0%,100,,2025-04-02,,,,,,,,,,,,,,,,,,,,,,,,,,,,,,,,,,,
S3W-R3,Acute,Crassostrea virginica,Tank Water,Unfiltered,Tank Water Unfiltered,S3W-R3 Acute Tank Water Unfiltered,2,100,0,0%,0,0,0%,100,,2025-04-02,,,,,,,,,,,,,,,,,,,,,,,,,,,,,,,,,,,
S3W-R3,Acute,Crassostrea virginica,Tank Water,Unfiltered,Tank Water Unfiltered,S3W-R3 Acute Tank Water Unfiltered,3,100,0,0%,0,0,0%,100,,2025-04-02,,,,,,,,,,,,,,,,,,,,,,,,,,,,,,,,,,,
S3W-R3,Acute,Crassostrea virginica,Tank Water,0.22um filter,Tank Water 0.22um filter,S3W-R3 Acute Tank Water 0.22um filter,1,100,0,0%,0,0,0%,100,,2025-04-02,,,,,,,,,,,,,,,,,,,,,,,,,,,,,,,,,,,
S3W-R3,Acute,Crassostrea virginica,Tank Water,0.22um filter,Tank Water 0.22um filter,S3W-R3 Acute Tank Water 0.22um filter,2,100,0,0%,0,0,0%,100,,2025-04-02,,,,,,,,,,,,,,,,,,,,,,,,,,,,,,,,,,,
S3W-R3,Acute,Crassostrea virginica,Tank Water,0.22um filter,Tank Water 0.22um filter,S3W-R3 Acute Tank Water 0.22um filter,3,100,0,0%,0,0,0%,100,,2025-04-02,,,,,,,,,,,,,,,,,,,,,,,,,,,,,,,,,,,
S3W-R3,Acute,Crassostrea virginica,Tank Water,10um filter,Tank Water 10um filter,S3W-R3 Acute Tank Water 10um filter,1,100,0,0%,0,0,0%,100,,2025-04-02,,,,,,,,,,,,,,,,,,,,,,,,,,,,,,,,,,,
S3W-R3,Acute,Crassostrea virginica,Tank Water,10um filter,Tank Water 10um filter,S3W-R3 Acute Tank Water 10um filter,2,100,0,0%,0,0,0%,100,,2025-04-02,,,,,,,,,,,,,,,,,,,,,,,,,,,,,,,,,,,
S3W-R3,Acute,Crassostrea virginica,Tank Water,10um filter,Tank Water 10um filter,S3W-R3 Acute Tank Water 10um filter,3,100,0,0%,0,0,0%,100,,2025-04-02,,,,,,,,,,,,,,,,,,,,,,,,,,,,,,,,,,,
AGX-R2,Acute,Crassostrea virginica,Tank Water,Unfiltered,Tank Water Unfiltered,AGX-R2 Acute Tank Water Unfiltered,1,124,3,2%,2,0,0%,98,,2025-06-05,,,,,,,,,,,,,,,,,,,,,,,,,,,,,,,,,,,
AGX-R2,Acute,Crassostrea virginica,Tank Water,Unfiltered,Tank Water Unfiltered,AGX-R2 Acute Tank Water Unfiltered,2,114,2,2%,2,0,0%,98,,2025-06-05,,,,,,,,,,,,,,,,,,,,,,,,,,,,,,,,,,,
AGX-R2,Acute,Crassostrea virginica,Tank Water,Unfiltered,Tank Water Unfiltered,AGX-R2 Acute Tank Water Unfiltered,3,130,1,1%,1,0,0%,99,,2025-06-05,,,,,,,,,,,,,,,,,,,,,,,,,,,,,,,,,,,
AGX-R2,Acute,Crassostrea virginica,Tank Water,0.22um filter,Tank Water 0.22um filter,AGX-R2 Acute Tank Water 0.22um filter,1,148,9,6%,6,0,0%,94,,2025-06-05,,,,,,,,,,,,,,,,,,,,,,,,,,,,,,,,,,,
AGX-R2,Acute,Crassostrea virginica,Tank Water,0.22um filter,Tank Water 0.22um filter,AGX-R2 Acute Tank Water 0.22um filter,2,107,4,4%,4,0,0%,96,,2025-06-05,,,,,,,,,,,,,,,,,,,,,,,,,,,,,,,,,,,
AGX-R2,Acute,Crassostrea virginica,Tank Water,0.22um filter,Tank Water 0.22um filter,AGX-R2 Acute Tank Water 0.22um filter,3,129,3,2%,2,0,0%,98,,2025-06-05,,,,,,,,,,,,,,,,,,,,,,,,,,,,,,,,,,,
AGX-R2,Acute,Crassostrea virginica,Tank Water,10um filter,Tank Water 10um filter,AGX-R2 Acute Tank Water 10um filter,1,97,0,0%,0,0,0%,100,,2025-06-05,,,,,,,,,,,,,,,,,,,,,,,,,,,,,,,,,,,
AGX-R2,Acute,Crassostrea virginica,Tank Water,10um filter,Tank Water 10um filter,AGX-R2 Acute Tank Water 10um filter,2,136,7,5%,5,0,0%,95,,2025-06-05,,,,,,,,,,,,,,,,,,,,,,,,,,,,,,,,,,,
AGX-R2,Acute,Crassostrea virginica,Tank Water,10um filter,Tank Water 10um filter,AGX-R2 Acute Tank Water 10um filter,3,104,5,5%,5,0,0%,95,,2025-06-05,,,,,,,,,,,,,,,,,,,,,,,,,,,,,,,,,,,
AGX-R2,Acute,Crassostrea virginica,Incoming Water,Unfiltered,Incoming Water Unfiltered,AGX-R2 Acute Incoming Water Unfiltered,1,122,0,0%,0,0,0%,100,,2025-06-05,,,,,,,,,,,,,,,,,,,,,,,,,,,,,,,,,,,
AGX-R2,Acute,Crassostrea virginica,Incoming Water,Unfiltered,Incoming Water Unfiltered,AGX-R2 Acute Incoming Water Unfiltered,2,105,2,2%,2,0,0%,98,,2025-06-05,,,,,,,,,,,,,,,,,,,,,,,,,,,,,,,,,,,
AGX-R2,Acute,Crassostrea virginica,Incoming Water,Unfiltered,Incoming Water Unfiltered,AGX-R2 Acute Incoming Water Unfiltered,3,145,6,4%,4,0,0%,96,,2025-06-05,,,,,,,,,,,,,,,,,,,,,,,,,,,,,,,,,,,
AGX-R2,Acute,Crassostrea virginica,Incoming Water,0.22um filter,Incoming Water 0.22um filter,AGX-R2 Acute Incoming Water 0.22um filter,1,170,0,0%,0,0,0%,100,,2025-06-05,,,,,,,,,,,,,,,,,,,,,,,,,,,,,,,,,,,
AGX-R2,Acute,Crassostrea virginica,Incoming Water,0.22um filter,Incoming Water 0.22um filter,AGX-R2 Acute Incoming Water 0.22um filter,2,128,2,2%,2,0,0%,98,,2025-06-05,,,,,,,,,,,,,,,,,,,,,,,,,,,,,,,,,,,
AGX-R2,Acute,Crassostrea virginica,Incoming Water,0.22um filter,Incoming Water 0.22um filter,AGX-R2 Acute Incoming Water 0.22um filter,3,132,1,1%,1,0,0%,99,,2025-06-05,,,,,,,,,,,,,,,,,,,,,,,,,,,,,,,,,,,
AGX-R2,Acute,Crassostrea virginica,Incoming Water,10um filter,Incoming Water 10um filter,AGX-R2 Acute Incoming Water 10um filter,1,101,4,4%,4,0,0%,96,,2025-06-05,,,,,,,,,,,,,,,,,,,,,,,,,,,,,,,,,,,
AGX-R2,Acute,Crassostrea virginica,Incoming Water,10um filter,Incoming Water 10um filter,AGX-R2 Acute Incoming Water 10um filter,2,115,3,3%,3,0,0%,97,,2025-06-05,,,,,,,,,,,,,,,,,,,,,,,,,,,,,,,,,,,
AGX-R2,Acute,Crassostrea virginica,Incoming Water,10um filter,Incoming Water 10um filter,AGX-R2 Acute Incoming Water 10um filter,3,107,0,0%,0,0,0%,100,,2025-06-05,,,,,,,,,,,,,,,,,,,,,,,,,,,,,,,,,,,
AGX-R2,Acute,Crassostrea virginica,Shed Water,Unfiltered,Shed Water Unfiltered,AGX-R2 Acute Shed Water Unfiltered,1,150,0,0%,0,0,0%,100,,2025-06-05,,,,,,,,,,,,,,,,,,,,,,,,,,,,,,,,,,,
AGX-R2,Acute,Crassostrea virginica,Shed Water,Unfiltered,Shed Water Unfiltered,AGX-R2 Acute Shed Water Unfiltered,2,139,0,0%,0,0,0%,100,,2025-06-05,,,,,,,,,,,,,,,,,,,,,,,,,,,,,,,,,,,
AGX-R2,Acute,Crassostrea virginica,Shed Water,Unfiltered,Shed Water Unfiltered,AGX-R2 Acute Shed Water Unfiltered,3,104,0,0%,0,0,0%,100,,2025-06-05,,,,,,,,,,,,,,,,,,,,,,,,,,,,,,,,,,,
AGX-R2,Acute,Crassostrea virginica,Shed Water,0.22um filter,Shed Water 0.22um filter,AGX-R2 Acute Shed Water 0.22um filter,1,143,2,1%,1,0,0%,99,,2025-06-05,,,,,,,,,,,,,,,,,,,,,,,,,,,,,,,,,,,
AGX-R2,Acute,Crassostrea virginica,Shed Water,0.22um filter,Shed Water 0.22um filter,AGX-R2 Acute Shed Water 0.22um filter,2,151,3,2%,2,0,0%,98,,2025-06-05,,,,,,,,,,,,,,,,,,,,,,,,,,,,,,,,,,,
AGX-R2,Acute,Crassostrea virginica,Shed Water,0.22um filter,Shed Water 0.22um filter,AGX-R2 Acute Shed Water 0.22um filter,3,120,5,4%,4,0,0%,96,,2025-06-05,,,,,,,,,,,,,,,,,,,,,,,,,,,,,,,,,,,
AGX-R2,Acute,Crassostrea virginica,Shed Water,10um filter,Shed Water 10um filter,AGX-R2 Acute Shed Water 10um filter,1,87,2,2%,2,0,0%,98,,2025-06-05,,,,,,,,,,,,,,,,,,,,,,,,,,,,,,,,,,,
AGX-R2,Acute,Crassostrea virginica,Shed Water,10um filter,Shed Water 10um filter,AGX-R2 Acute Shed Water 10um filter,2,119,0,0%,0,0,0%,100,,2025-06-05,,,,,,,,,,,,,,,,,,,,,,,,,,,,,,,,,,,
AGX-R2,Acute,Crassostrea virginica,Shed Water,10um filter,Shed Water 10um filter,AGX-R2 Acute Shed Water 10um filter,3,96,4,4%,4,0,0%,96,,2025-06-05,,,,,,,,,,,,,,,,,,,,,,,,,,,,,,,,,,,
RRD-R3,Acute,Crassostrea virginica,Tank Water,Unfiltered,Tank Water Unfiltered,RRD-R3 Acute Tank Water Unfiltered,1,140,11,7%,7,3,3%,96,,2025-04-09,,,,,,,,,,,,,,,,,,,,,,,,,,,,,,,,,,,
RRD-R3,Acute,Crassostrea virginica,Tank Water,Unfiltered,Tank Water Unfiltered,RRD-R3 Acute Tank Water Unfiltered,2,290,21,7%,7,3,3%,97,,2025-04-09,,,,,,,,,,,,,,,,,,,,,,,,,,,,,,,,,,,
RRD-R3,Acute,Crassostrea virginica,Tank Water,Unfiltered,Tank Water Unfiltered,RRD-R3 Acute Tank Water Unfiltered,3,79,8,9%,9,3,3%,94,,2025-04-09,,,,,,,,,,,,,,,,,,,,,,,,,,,,,,,,,,,
RRD-R3,Acute,Crassostrea virginica,Tank Water,0.22um filter,Tank Water 0.22um filter,RRD-R3 Acute Tank Water 0.22um filter,1,83,10,11%,11,3,3%,93,,2025-04-09,,,,,,,,,,,,,,,,,,,,,,,,,,,,,,,,,,,
RRD-R3,Acute,Crassostrea virginica,Tank Water,0.22um filter,Tank Water 0.22um filter,RRD-R3 Acute Tank Water 0.22um filter,2,115,4,3%,3,3,3%,100,,2025-04-09,,,,,,,,,,,,,,,,,,,,,,,,,,,,,,,,,,,
RRD-R3,Acute,Crassostrea virginica,Tank Water,0.22um filter,Tank Water 0.22um filter,RRD-R3 Acute Tank Water 0.22um filter,3,212,18,8%,8,3,3%,95,,2025-04-09,,,,,,,,,,,,,,,,,,,,,,,,,,,,,,,,,,,
RRD-R3,Acute,Crassostrea virginica,Tank Water,10um filter,Tank Water 10um filter,RRD-R3 Acute Tank Water 10um filter,1,90,8,8%,8,3,3%,95,,2025-04-09,,,,,,,,,,,,,,,,,,,,,,,,,,,,,,,,,,,
RRD-R3,Acute,Crassostrea virginica,Tank Water,10um filter,Tank Water 10um filter,RRD-R3 Acute Tank Water 10um filter,2,52,9,15%,15,3,3%,89,,2025-04-09,,,,,,,,,,,,,,,,,,,,,,,,,,,,,,,,,,,
RRD-R3,Acute,Crassostrea virginica,Tank Water,10um filter,Tank Water 10um filter,RRD-R3 Acute Tank Water 10um filter,3,200,24,11%,11,3,3%,93,,2025-04-09,,,,,,,,,,,,,,,,,,,,,,,,,,,,,,,,,,,
RRD-R3,Acute,Crassostrea virginica,Incoming Water,Unfiltered,Incoming Water Unfiltered,RRD-R3 Acute Incoming Water Unfiltered,1,99,5,5%,5,3,3%,98,,2025-04-09,,,,,,,,,,,,,,,,,,,,,,,,,,,,,,,,,,,
RRD-R3,Acute,Crassostrea virginica,Incoming Water,Unfiltered,Incoming Water Unfiltered,RRD-R3 Acute Incoming Water Unfiltered,2,47,4,8%,8,3,3%,95,,2025-04-09,,,,,,,,,,,,,,,,,,,,,,,,,,,,,,,,,,,
RRD-R3,Acute,Crassostrea virginica,Incoming Water,Unfiltered,Incoming Water Unfiltered,RRD-R3 Acute Incoming Water Unfiltered,3,49,6,11%,11,3,3%,92,,2025-04-09,,,,,,,,,,,,,,,,,,,,,,,,,,,,,,,,,,,
RRD-R3,Acute,Crassostrea virginica,Incoming Water,0.22um filter,Incoming Water 0.22um filter,RRD-R3 Acute Incoming Water 0.22um filter,1,129,10,7%,7,3,3%,96,,2025-04-09,,,,,,,,,,,,,,,,,,,,,,,,,,,,,,,,,,,
RRD-R3,Acute,Crassostrea virginica,Incoming Water,0.22um filter,Incoming Water 0.22um filter,RRD-R3 Acute Incoming Water 0.22um filter,2,100,0,0%,0,3,3%,103,,2025-04-09,,,,,,,,,,,,,,,,,,,,,,,,,,,,,,,,,,,
RRD-R3,Acute,Crassostrea virginica,Incoming Water,0.22um filter,Incoming Water 0.22um filter,RRD-R3 Acute Incoming Water 0.22um filter,3,179,12,6%,6,3,3%,97,,2025-04-09,,,,,,,,,,,,,,,,,,,,,,,,,,,,,,,,,,,
RRD-R3,Acute,Crassostrea virginica,Incoming Water,10um filter,Incoming Water 10um filter,RRD-R3 Acute Incoming Water 10um filter,1,6,0,0%,0,3,3%,103,,2025-04-09,,,,,,,,,,,,,,,,,,,,,,,,,,,,,,,,,,,
RRD-R3,Acute,Crassostrea virginica,Incoming Water,10um filter,Incoming Water 10um filter,RRD-R3 Acute Incoming Water 10um filter,2,97,5,5%,5,3,3%,98,,2025-04-09,,,,,,,,,,,,,,,,,,,,,,,,,,,,,,,,,,,
RRD-R3,Acute,Crassostrea virginica,Incoming Water,10um filter,Incoming Water 10um filter,RRD-R3 Acute Incoming Water 10um filter,3,38,7,16%,16,3,3%,88,,2025-04-09,,,,,,,,,,,,,,,,,,,,,,,,,,,,,,,,,,,
RRD-R3,Acute,Crassostrea virginica,Shed Water,Unfiltered,Shed Water Unfiltered,RRD-R3 Acute Shed Water Unfiltered,1,96,2,2%,2,3,3%,101,,2025-04-09,,,,,,,,,,,,,,,,,,,,,,,,,,,,,,,,,,,
RRD-R3,Acute,Crassostrea virginica,Shed Water,Unfiltered,Shed Water Unfiltered,RRD-R3 Acute Shed Water Unfiltered,2,352,26,7%,7,3,3%,96,,2025-04-09,,,,,,,,,,,,,,,,,,,,,,,,,,,,,,,,,,,
RRD-R3,Acute,Crassostrea virginica,Shed Water,Unfiltered,Shed Water Unfiltered,RRD-R3 Acute Shed Water Unfiltered,3,86,1,1%,1,3,3%,102,,2025-04-09,,,,,,,,,,,,,,,,,,,,,,,,,,,,,,,,,,,
RRD-R3,Acute,Crassostrea virginica,Shed Water,0.22um filter,Shed Water 0.22um filter,RRD-R3 Acute Shed Water 0.22um filter,1,87,11,11%,11,3,3%,92,,2025-04-09,,,,,,,,,,,,,,,,,,,,,,,,,,,,,,,,,,,
RRD-R3,Acute,Crassostrea virginica,Shed Water,0.22um filter,Shed Water 0.22um filter,RRD-R3 Acute Shed Water 0.22um filter,2,69,19,22%,22,3,3%,82,,2025-04-09,,,,,,,,,,,,,,,,,,,,,,,,,,,,,,,,,,,
RRD-R3,Acute,Crassostrea virginica,Shed Water,0.22um filter,Shed Water 0.22um filter,RRD-R3 Acute Shed Water 0.22um filter,3,46,6,12%,12,3,3%,92,,2025-04-09,,,,,,,,,,,,,,,,,,,,,,,,,,,,,,,,,,,
RRD-R3,Acute,Crassostrea virginica,Shed Water,10um filter,Shed Water 10um filter,RRD-R3 Acute Shed Water 10um filter,1,231,12,5%,5,3,3%,98,,2025-04-09,,,,,,,,,,,,,,,,,,,,,,,,,,,,,,,,,,,
RRD-R3,Acute,Crassostrea virginica,Shed Water,10um filter,Shed Water 10um filter,RRD-R3 Acute Shed Water 10um filter,2,177,12,6%,6,3,3%,97,,2025-04-09,,,,,,,,,,,,,,,,,,,,,,,,,,,,,,,,,,,
RRD-R3,Acute,Crassostrea virginica,Shed Water,10um filter,Shed Water 10um filter,RRD-R3 Acute Shed Water 10um filter,3,162,16,9%,9,3,3%,94,,2025-04-09,,,,,,,,,,,,,,,,,,,,,,,,,,,,,,,,,,,
LGG-R1,Acute,Crassostrea virginica,Tank Water,Unfiltered,Tank Water Unfiltered,LGG-R1 Acute Tank Water Unfiltered,1,74,1,1%,1,0,0%,99,,2025-06-11,,,,,,,,,,,,,,,,,,,,,,,,,,,,,,,,,,,
LGG-R1,Acute,Crassostrea virginica,Tank Water,Unfiltered,Tank Water Unfiltered,LGG-R1 Acute Tank Water Unfiltered,2,101,0,0%,0,0,0%,100,,2025-06-11,,,,,,,,,,,,,,,,,,,,,,,,,,,,,,,,,,,
LGG-R1,Acute,Crassostrea virginica,Tank Water,Unfiltered,Tank Water Unfiltered,LGG-R1 Acute Tank Water Unfiltered,3,83,1,1%,1,0,0%,99,,2025-06-11,,,,,,,,,,,,,,,,,,,,,,,,,,,,,,,,,,,
LGG-R1,Acute,Crassostrea virginica,Tank Water,0.22um filter,Tank Water 0.22um filter,LGG-R1 Acute Tank Water 0.22um filter,1,87,7,7%,7,0,0%,93,,2025-06-11,,,,,,,,,,,,,,,,,,,,,,,,,,,,,,,,,,,
LGG-R1,Acute,Crassostrea virginica,Tank Water,0.22um filter,Tank Water 0.22um filter,LGG-R1 Acute Tank Water 0.22um filter,2,67,0,0%,0,0,0%,100,,2025-06-11,,,,,,,,,,,,,,,,,,,,,,,,,,,,,,,,,,,
LGG-R1,Acute,Crassostrea virginica,Tank Water,0.22um filter,Tank Water 0.22um filter,LGG-R1 Acute Tank Water 0.22um filter,3,76,0,0%,0,0,0%,100,,2025-06-11,,,,,,,,,,,,,,,,,,,,,,,,,,,,,,,,,,,
LGG-R1,Acute,Crassostrea virginica,Tank Water,10um filter,Tank Water 10um filter,LGG-R1 Acute Tank Water 10um filter,1,67,0,0%,0,0,0%,100,,2025-06-11,,,,,,,,,,,,,,,,,,,,,,,,,,,,,,,,,,,
LGG-R1,Acute,Crassostrea virginica,Tank Water,10um filter,Tank Water 10um filter,LGG-R1 Acute Tank Water 10um filter,2,89,1,1%,1,0,0%,99,,2025-06-11,,,,,,,,,,,,,,,,,,,,,,,,,,,,,,,,,,,
LGG-R1,Acute,Crassostrea virginica,Tank Water,10um filter,Tank Water 10um filter,LGG-R1 Acute Tank Water 10um filter,3,94,3,3%,3,0,0%,97,,2025-06-11,,,,,,,,,,,,,,,,,,,,,,,,,,,,,,,,,,,
LGG-R1,Acute,Crassostrea virginica,Incoming Water,Unfiltered,Incoming Water Unfiltered,LGG-R1 Acute Incoming Water Unfiltered,1,100,1,1%,1,0,0%,99,,2025-06-11,,,,,,,,,,,,,,,,,,,,,,,,,,,,,,,,,,,
LGG-R1,Acute,Crassostrea virginica,Incoming Water,Unfiltered,Incoming Water Unfiltered,LGG-R1 Acute Incoming Water Unfiltered,2,57,0,0%,0,0,0%,100,,2025-06-11,,,,,,,,,,,,,,,,,,,,,,,,,,,,,,,,,,,
LGG-R1,Acute,Crassostrea virginica,Incoming Water,Unfiltered,Incoming Water Unfiltered,LGG-R1 Acute Incoming Water Unfiltered,3,86,0,0%,0,0,0%,100,,2025-06-11,,,,,,,,,,,,,,,,,,,,,,,,,,,,,,,,,,,
LGG-R1,Acute,Crassostrea virginica,Incoming Water,0.22um filter,Incoming Water 0.22um filter,LGG-R1 Acute Incoming Water 0.22um filter,1,103,4,4%,4,0,0%,96,,2025-06-11,,,,,,,,,,,,,,,,,,,,,,,,,,,,,,,,,,,
LGG-R1,Acute,Crassostrea virginica,Incoming Water,0.22um filter,Incoming Water 0.22um filter,LGG-R1 Acute Incoming Water 0.22um filter,2,92,1,1%,1,0,0%,99,,2025-06-11,,,,,,,,,,,,,,,,,,,,,,,,,,,,,,,,,,,
LGG-R1,Acute,Crassostrea virginica,Incoming Water,0.22um filter,Incoming Water 0.22um filter,LGG-R1 Acute Incoming Water 0.22um filter,3,88,0,0%,0,0,0%,100,,2025-06-11,,,,,,,,,,,,,,,,,,,,,,,,,,,,,,,,,,,
LGG-R1,Acute,Crassostrea virginica,Incoming Water,10um filter,Incoming Water 10um filter,LGG-R1 Acute Incoming Water 10um filter,1,59,2,3%,3,0,0%,97,,2025-06-11,,,,,,,,,,,,,,,,,,,,,,,,,,,,,,,,,,,
LGG-R1,Acute,Crassostrea virginica,Incoming Water,10um filter,Incoming Water 10um filter,LGG-R1 Acute Incoming Water 10um filter,2,102,0,0%,0,0,0%,100,,2025-06-11,,,,,,,,,,,,,,,,,,,,,,,,,,,,,,,,,,,
LGG-R1,Acute,Crassostrea virginica,Incoming Water,10um filter,Incoming Water 10um filter,LGG-R1 Acute Incoming Water 10um filter,3,88,1,1%,1,0,0%,99,,2025-06-11,,,,,,,,,,,,,,,,,,,,,,,,,,,,,,,,,,,
LGG-R2,Acute,Crassostrea virginica,Shed Water,Unfiltered,Shed Water Unfiltered,LGG-R2 Acute Shed Water Unfiltered,1,113,5,4%,4,0,0%,96,,2025-06-11,,,,,,,,,,,,,,,,,,,,,,,,,,,,,,,,,,,
LGG-R2,Acute,Crassostrea virginica,Shed Water,Unfiltered,Shed Water Unfiltered,LGG-R2 Acute Shed Water Unfiltered,2,91,1,1%,1,0,0%,99,,2025-06-11,,,,,,,,,,,,,,,,,,,,,,,,,,,,,,,,,,,
LGG-R2,Acute,Crassostrea virginica,Shed Water,Unfiltered,Shed Water Unfiltered,LGG-R2 Acute Shed Water Unfiltered,3,101,0,0%,0,0,0%,100,,2025-06-11,,,,,,,,,,,,,,,,,,,,,,,,,,,,,,,,,,,
LGG-R2,Acute,Crassostrea virginica,Shed Water,0.22um filter,Shed Water 0.22um filter,LGG-R2 Acute Shed Water 0.22um filter,1,86,2,2%,2,0,0%,98,,2025-06-11,,,,,,,,,,,,,,,,,,,,,,,,,,,,,,,,,,,
LGG-R2,Acute,Crassostrea virginica,Shed Water,0.22um filter,Shed Water 0.22um filter,LGG-R2 Acute Shed Water 0.22um filter,2,93,0,0%,0,0,0%,100,,2025-06-11,,,,,,,,,,,,,,,,,,,,,,,,,,,,,,,,,,,
LGG-R2,Acute,Crassostrea virginica,Shed Water,0.22um filter,Shed Water 0.22um filter,LGG-R2 Acute Shed Water 0.22um filter,3,81,1,1%,1,0,0%,99,,2025-06-11,,,,,,,,,,,,,,,,,,,,,,,,,,,,,,,,,,,
LGG-R2,Acute,Crassostrea virginica,Shed Water,10um filter,Shed Water 10um filter,LGG-R2 Acute Shed Water 10um filter,1,90,4,4%,4,0,0%,96,,2025-06-11,,,,,,,,,,,,,,,,,,,,,,,,,,,,,,,,,,,
LGG-R2,Acute,Crassostrea virginica,Shed Water,10um filter,Shed Water 10um filter,LGG-R2 Acute Shed Water 10um filter,2,97,0,0%,0,0,0%,100,,2025-06-11,,,,,,,,,,,,,,,,,,,,,,,,,,,,,,,,,,,
LGG-R2,Acute,Crassostrea virginica,Shed Water,10um filter,Shed Water 10um filter,LGG-R2 Acute Shed Water 10um filter,3,86,1,1%,1,0,0%,99,,2025-06-11,,,,,,,,,,,,,,,,,,,,,,,,,,,,,,,,,,,
LGG-R2,Acute,Crassostrea virginica,Tank Water,Unfiltered,Tank Water Unfiltered,LGG-R2 Acute Tank Water Unfiltered,1,69,1,1%,1,0,0%,99,,2025-06-11,,,,,,,,,,,,,,,,,,,,,,,,,,,,,,,,,,,
LGG-R2,Acute,Crassostrea virginica,Tank Water,Unfiltered,Tank Water Unfiltered,LGG-R2 Acute Tank Water Unfiltered,2,93,0,0%,0,0,0%,100,,2025-06-11,,,,,,,,,,,,,,,,,,,,,,,,,,,,,,,,,,,
LGG-R2,Acute,Crassostrea virginica,Tank Water,Unfiltered,Tank Water Unfiltered,LGG-R2 Acute Tank Water Unfiltered,3,52,2,4%,4,0,0%,96,,2025-06-11,,,,,,,,,,,,,,,,,,,,,,,,,,,,,,,,,,,
LGG-R2,Acute,Crassostrea virginica,Tank Water,0.22um filter,Tank Water 0.22um filter,LGG-R2 Acute Tank Water 0.22um filter,1,72,0,0%,0,0,0%,100,,2025-06-11,,,,,,,,,,,,,,,,,,,,,,,,,,,,,,,,,,,
LGG-R2,Acute,Crassostrea virginica,Tank Water,0.22um filter,Tank Water 0.22um filter,LGG-R2 Acute Tank Water 0.22um filter,2,108,1,1%,1,0,0%,99,,2025-06-11,,,,,,,,,,,,,,,,,,,,,,,,,,,,,,,,,,,
LGG-R2,Acute,Crassostrea virginica,Tank Water,0.22um filter,Tank Water 0.22um filter,LGG-R2 Acute Tank Water 0.22um filter,3,97,2,2%,2,0,0%,98,,2025-06-11,,,,,,,,,,,,,,,,,,,,,,,,,,,,,,,,,,,
LGG-R2,Acute,Crassostrea virginica,Tank Water,10um filter,Tank Water 10um filter,LGG-R2 Acute Tank Water 10um filter,1,103,0,0%,0,0,0%,100,,2025-06-11,,,,,,,,,,,,,,,,,,,,,,,,,,,,,,,,,,,
LGG-R2,Acute,Crassostrea virginica,Tank Water,10um filter,Tank Water 10um filter,LGG-R2 Acute Tank Water 10um filter,2,117,5,4%,4,0,0%,96,,2025-06-11,,,,,,,,,,,,,,,,,,,,,,,,,,,,,,,,,,,
LGG-R2,Acute,Crassostrea virginica,Tank Water,10um filter,Tank Water 10um filter,LGG-R2 Acute Tank Water 10um filter,3,89,0,0%,0,0,0%,100,,2025-06-11,,,,,,,,,,,,,,,,,,,,,,,,,,,,,,,,,,,
LGG-R3,Acute,Crassostrea virginica,Tank Water,Unfiltered,Tank Water Unfiltered,LGG-R3 Acute Tank Water Unfiltered,1,74,0,0%,0,0,0%,100,,2025-06-25,,,,,,,,,,,,,,,,,,,,,,,,,,,,,,,,,,,
LGG-R3,Acute,Crassostrea virginica,Tank Water,Unfiltered,Tank Water Unfiltered,LGG-R3 Acute Tank Water Unfiltered,2,62,0,0%,0,0,0%,100,,2025-06-25,,,,,,,,,,,,,,,,,,,,,,,,,,,,,,,,,,,
LGG-R3,Acute,Crassostrea virginica,Tank Water,Unfiltered,Tank Water Unfiltered,LGG-R3 Acute Tank Water Unfiltered,3,46,2,4%,4,0,0%,96,,2025-06-25,,,,,,,,,,,,,,,,,,,,,,,,,,,,,,,,,,,
LGG-R3,Acute,Crassostrea virginica,Tank Water,0.22um filter,Tank Water 0.22um filter,LGG-R3 Acute Tank Water 0.22um filter,1,97,0,0%,0,0,0%,100,,2025-06-25,,,,,,,,,,,,,,,,,,,,,,,,,,,,,,,,,,,
LGG-R3,Acute,Crassostrea virginica,Tank Water,0.22um filter,Tank Water 0.22um filter,LGG-R3 Acute Tank Water 0.22um filter,2,87,0,0%,0,0,0%,100,,2025-06-25,,,,,,,,,,,,,,,,,,,,,,,,,,,,,,,,,,,
LGG-R3,Acute,Crassostrea virginica,Tank Water,0.22um filter,Tank Water 0.22um filter,LGG-R3 Acute Tank Water 0.22um filter,3,125,4,3%,3,0,0%,97,,2025-06-25,,,,,,,,,,,,,,,,,,,,,,,,,,,,,,,,,,,
LGG-R3,Acute,Crassostrea virginica,Tank Water,10um filter,Tank Water 10um filter,LGG-R3 Acute Tank Water 10um filter,1,55,2,4%,4,0,0%,96,,2025-06-25,,,,,,,,,,,,,,,,,,,,,,,,,,,,,,,,,,,
LGG-R3,Acute,Crassostrea virginica,Tank Water,10um filter,Tank Water 10um filter,LGG-R3 Acute Tank Water 10um filter,2,56,0,0%,0,0,0%,100,,2025-06-25,,,,,,,,,,,,,,,,,,,,,,,,,,,,,,,,,,,
LGG-R3,Acute,Crassostrea virginica,Tank Water,10um filter,Tank Water 10um filter,LGG-R3 Acute Tank Water 10um filter,3,48,1,2%,2,0,0%,98,,2025-06-25,,,,,,,,,,,,,,,,,,,,,,,,,,,,,,,,,,,
LGG-R3,Acute,Crassostrea virginica,Incoming Water,Unfiltered,Incoming Water Unfiltered,LGG-R3 Acute Incoming Water Unfiltered,1,64,0,0%,0,0,0%,100,,2025-06-25,,,,,,,,,,,,,,,,,,,,,,,,,,,,,,,,,,,
LGG-R3,Acute,Crassostrea virginica,Incoming Water,Unfiltered,Incoming Water Unfiltered,LGG-R3 Acute Incoming Water Unfiltered,2,46,0,0%,0,0,0%,100,,2025-06-25,,,,,,,,,,,,,,,,,,,,,,,,,,,,,,,,,,,
LGG-R3,Acute,Crassostrea virginica,Incoming Water,Unfiltered,Incoming Water Unfiltered,LGG-R3 Acute Incoming Water Unfiltered,3,44,0,0%,0,0,0%,100,,2025-06-25,,,,,,,,,,,,,,,,,,,,,,,,,,,,,,,,,,,
LGG-R3,Acute,Crassostrea virginica,Incoming Water,0.22um filter,Incoming Water 0.22um filter,LGG-R3 Acute Incoming Water 0.22um filter,1,61,0,0%,0,0,0%,100,,2025-06-25,,,,,,,,,,,,,,,,,,,,,,,,,,,,,,,,,,,
LGG-R3,Acute,Crassostrea virginica,Incoming Water,0.22um filter,Incoming Water 0.22um filter,LGG-R3 Acute Incoming Water 0.22um filter,2,52,3,5%,5,0,0%,95,,2025-06-25,,,,,,,,,,,,,,,,,,,,,,,,,,,,,,,,,,,
LGG-R3,Acute,Crassostrea virginica,Incoming Water,0.22um filter,Incoming Water 0.22um filter,LGG-R3 Acute Incoming Water 0.22um filter,3,47,0,0%,0,0,0%,100,,2025-06-25,,,,,,,,,,,,,,,,,,,,,,,,,,,,,,,,,,,
LGG-R3,Acute,Crassostrea virginica,Incoming Water,10um filter,Incoming Water 10um filter,LGG-R3 Acute Incoming Water 10um filter,1,70,0,0%,0,0,0%,100,,2025-06-25,,,,,,,,,,,,,,,,,,,,,,,,,,,,,,,,,,,
LGG-R3,Acute,Crassostrea virginica,Incoming Water,10um filter,Incoming Water 10um filter,LGG-R3 Acute Incoming Water 10um filter,2,60,0,0%,0,0,0%,100,,2025-06-25,,,,,,,,,,,,,,,,,,,,,,,,,,,,,,,,,,,
LGG-R3,Acute,Crassostrea virginica,Incoming Water,10um filter,Incoming Water 10um filter,LGG-R3 Acute Incoming Water 10um filter,3,57,1,2%,2,0,0%,98,,2025-06-25,,,,,,,,,,,,,,,,,,,,,,,,,,,,,,,,,,,
LGG-R3,Acute,Crassostrea virginica,Shed Water,Unfiltered,Shed Water Unfiltered,LGG-R3 Acute Shed Water Unfiltered,1,76,2,3%,3,0,0%,97,,2025-06-25,,,,,,,,,,,,,,,,,,,,,,,,,,,,,,,,,,,
LGG-R3,Acute,Crassostrea virginica,Shed Water,Unfiltered,Shed Water Unfiltered,LGG-R3 Acute Shed Water Unfiltered,2,52,0,0%,0,0,0%,100,,2025-06-25,,,,,,,,,,,,,,,,,,,,,,,,,,,,,,,,,,,
LGG-R3,Acute,Crassostrea virginica,Shed Water,Unfiltered,Shed Water Unfiltered,LGG-R3 Acute Shed Water Unfiltered,3,45,1,2%,2,0,0%,98,,2025-06-25,,,,,,,,,,,,,,,,,,,,,,,,,,,,,,,,,,,
LGG-R3,Acute,Crassostrea virginica,Shed Water,0.22um filter,Shed Water 0.22um filter,LGG-R3 Acute Shed Water 0.22um filter,1,57,0,0%,0,0,0%,100,,2025-06-25,,,,,,,,,,,,,,,,,,,,,,,,,,,,,,,,,,,
LGG-R3,Acute,Crassostrea virginica,Shed Water,0.22um filter,Shed Water 0.22um filter,LGG-R3 Acute Shed Water 0.22um filter,2,56,0,0%,0,0,0%,100,,2025-06-25,,,,,,,,,,,,,,,,,,,,,,,,,,,,,,,,,,,
LGG-R3,Acute,Crassostrea virginica,Shed Water,0.22um filter,Shed Water 0.22um filter,LGG-R3 Acute Shed Water 0.22um filter,3,78,0,0%,0,0,0%,100,,2025-06-25,,,,,,,,,,,,,,,,,,,,,,,,,,,,,,,,,,,
LGG-R3,Acute,Crassostrea virginica,Shed Water,10um filter,Shed Water 10um filter,LGG-R3 Acute Shed Water 10um filter,1,60,1,2%,2,0,0%,98,,2025-06-25,,,,,,,,,,,,,,,,,,,,,,,,,,,,,,,,,,,
LGG-R3,Acute,Crassostrea virginica,Shed Water,10um filter,Shed Water 10um filter,LGG-R3 Acute Shed Water 10um filter,2,53,2,4%,4,0,0%,96,,2025-06-25,,,,,,,,,,,,,,,,,,,,,,,,,,,,,,,,,,,
LGG-R3,Acute,Crassostrea virginica,Shed Water,10um filter,Shed Water 10um filter,LGG-R3 Acute Shed Water 10um filter,3,50,2,4%,4,0,0%,96,,2025-06-25,,,,,,,,,,,,,,,,,,,,,,,,,,,,,,,,,,,
CP8-R1,Acute,Crassostrea virginica,Tank Water,Unfiltered,Tank Water Unfiltered,CP8-R1 Acute Tank Water Unfiltered,1,49,0,0%,0,0,0%,100,,2025-06-25,,,,,,,,,,,,,,,,,,,,,,,,,,,,,,,,,,,
CP8-R1,Acute,Crassostrea virginica,Tank Water,Unfiltered,Tank Water Unfiltered,CP8-R1 Acute Tank Water Unfiltered,2,41,0,0%,0,0,0%,100,,2025-06-25,,,,,,,,,,,,,,,,,,,,,,,,,,,,,,,,,,,
CP8-R1,Acute,Crassostrea virginica,Tank Water,Unfiltered,Tank Water Unfiltered,CP8-R1 Acute Tank Water Unfiltered,3,34,0,0%,0,0,0%,100,,2025-06-25,,,,,,,,,,,,,,,,,,,,,,,,,,,,,,,,,,,
CP8-R1,Acute,Crassostrea virginica,Tank Water,0.22um filter,Tank Water 0.22um filter,CP8-R1 Acute Tank Water 0.22um filter,1,43,0,0%,0,0,0%,100,,2025-06-25,,,,,,,,,,,,,,,,,,,,,,,,,,,,,,,,,,,
CP8-R1,Acute,Crassostrea virginica,Tank Water,0.22um filter,Tank Water 0.22um filter,CP8-R1 Acute Tank Water 0.22um filter,2,27,1,4%,4,0,0%,96,,2025-06-25,,,,,,,,,,,,,,,,,,,,,,,,,,,,,,,,,,,
CP8-R1,Acute,Crassostrea virginica,Tank Water,0.22um filter,Tank Water 0.22um filter,CP8-R1 Acute Tank Water 0.22um filter,3,29,3,9%,9,0,0%,91,,2025-06-25,,,,,,,,,,,,,,,,,,,,,,,,,,,,,,,,,,,
CP8-R1,Acute,Crassostrea virginica,Shed Water,Unfiltered,Shed Water Unfiltered,CP8-R1 Acute Shed Water Unfiltered,1,95,5,5%,5,0,0%,95,,2025-06-25,,,,,,,,,,,,,,,,,,,,,,,,,,,,,,,,,,,
CP8-R1,Acute,Crassostrea virginica,Shed Water,Unfiltered,Shed Water Unfiltered,CP8-R1 Acute Shed Water Unfiltered,2,42,2,5%,5,0,0%,95,,2025-06-25,,,,,,,,,,,,,,,,,,,,,,,,,,,,,,,,,,,
CP8-R1,Acute,Crassostrea virginica,Shed Water,Unfiltered,Shed Water Unfiltered,CP8-R1 Acute Shed Water Unfiltered,3,41,3,7%,7,0,0%,93,,2025-06-25,,,,,,,,,,,,,,,,,,,,,,,,,,,,,,,,,,,
CP8-R1,Acute,Crassostrea virginica,Shed Water,0.22um filter,Shed Water 0.22um filter,CP8-R1 Acute Shed Water 0.22um filter,1,60,2,3%,3,0,0%,97,,2025-06-25,,,,,,,,,,,,,,,,,,,,,,,,,,,,,,,,,,,
CP8-R1,Acute,Crassostrea virginica,Shed Water,0.22um filter,Shed Water 0.22um filter,CP8-R1 Acute Shed Water 0.22um filter,2,54,1,2%,2,0,0%,98,,2025-06-25,,,,,,,,,,,,,,,,,,,,,,,,,,,,,,,,,,,
CP8-R1,Acute,Crassostrea virginica,Shed Water,0.22um filter,Shed Water 0.22um filter,CP8-R1 Acute Shed Water 0.22um filter,3,34,0,0%,0,0,0%,100,,2025-06-25,,,,,,,,,,,,,,,,,,,,,,,,,,,,,,,,,,,
RGX-R1,Acute,Crassostrea virginica,Shed Water,Unfiltered,Shed Water Unfiltered,RGX-R1 Acute Shed Water Unfiltered,1,27,0,0%,0,0,0%,100,,2025-06-25,,,,,,,,,,,,,,,,,,,,,,,,,,,,,,,,,,,
RGX-R1,Acute,Crassostrea virginica,Shed Water,Unfiltered,Shed Water Unfiltered,RGX-R1 Acute Shed Water Unfiltered,2,47,0,0%,0,0,0%,100,,2025-06-25,,,,,,,,,,,,,,,,,,,,,,,,,,,,,,,,,,,
RGX-R1,Acute,Crassostrea virginica,Shed Water,Unfiltered,Shed Water Unfiltered,RGX-R1 Acute Shed Water Unfiltered,3,37,0,0%,0,0,0%,100,,2025-06-25,,,,,,,,,,,,,,,,,,,,,,,,,,,,,,,,,,,
RGX-R1,Acute,Crassostrea virginica,Shed Water,0.22um filter,Shed Water 0.22um filter,RGX-R1 Acute Shed Water 0.22um filter,1,99,0,0%,0,0,0%,100,,2025-06-25,,,,,,,,,,,,,,,,,,,,,,,,,,,,,,,,,,,
RGX-R1,Acute,Crassostrea virginica,Shed Water,0.22um filter,Shed Water 0.22um filter,RGX-R1 Acute Shed Water 0.22um filter,2,74,0,0%,0,0,0%,100,,2025-06-25,,,,,,,,,,,,,,,,,,,,,,,,,,,,,,,,,,,
RGX-R1,Acute,Crassostrea virginica,Shed Water,0.22um filter,Shed Water 0.22um filter,RGX-R1 Acute Shed Water 0.22um filter,3,56,0,0%,0,0,0%,100,,2025-06-25,,,,,,,,,,,,,,,,,,,,,,,,,,,,,,,,,,,
RGX-R1,Acute,Crassostrea virginica,Shed Water,10um filter,Shed Water 10um filter,RGX-R1 Acute Shed Water 10um filter,1,93,0,0%,0,0,0%,100,,2025-06-25,,,,,,,,,,,,,,,,,,,,,,,,,,,,,,,,,,,
RGX-R1,Acute,Crassostrea virginica,Shed Water,10um filter,Shed Water 10um filter,RGX-R1 Acute Shed Water 10um filter,2,54,0,0%,0,0,0%,100,,2025-06-25,,,,,,,,,,,,,,,,,,,,,,,,,,,,,,,,,,,
RGX-R1,Acute,Crassostrea virginica,Shed Water,10um filter,Shed Water 10um filter,RGX-R1 Acute Shed Water 10um filter,3,53,1,2%,2,0,0%,98,,2025-06-25,,,,,,,,,,,,,,,,,,,,,,,,,,,,,,,,,,,
S3W-R4,Acute,Crassostrea virginica,Incoming Water,0.22um filter,Incoming Water 0.22um filter,S3W-R4 Acute Incoming Water 0.22um filter,1,88,4,4%,4,0,0%,96,,2025-08-27,,,,,,,,,,,,,,,,,,,,,,,,,,,,,,,,,,,
S3W-R4,Acute,Crassostrea virginica,Incoming Water,0.22um filter,Incoming Water 0.22um filter,S3W-R4 Acute Incoming Water 0.22um filter,2,67,1,1%,1,0,0%,99,,2025-08-27,,,,,,,,,,,,,,,,,,,,,,,,,,,,,,,,,,,
S3W-R4,Acute,Crassostrea virginica,Incoming Water,0.22um filter,Incoming Water 0.22um filter,S3W-R4 Acute Incoming Water 0.22um filter,3,98,3,3%,3,0,0%,97,,2025-08-27,,,,,,,,,,,,,,,,,,,,,,,,,,,,,,,,,,,
S3W-R4,Acute,Crassostrea virginica,Tank Water,Unfiltered,Tank Water Unfiltered,S3W-R4 Acute Tank Water Unfiltered,1,65,5,7%,7,0,0%,93,,2025-08-27,,,,,,,,,,,,,,,,,,,,,,,,,,,,,,,,,,,
S3W-R4,Acute,Crassostrea virginica,Tank Water,Unfiltered,Tank Water Unfiltered,S3W-R4 Acute Tank Water Unfiltered,2,60,2,3%,3,0,0%,97,,2025-08-27,,,,,,,,,,,,,,,,,,,,,,,,,,,,,,,,,,,
S3W-R4,Acute,Crassostrea virginica,Tank Water,Unfiltered,Tank Water Unfiltered,S3W-R4 Acute Tank Water Unfiltered,3,55,5,8%,8,0,0%,92,,2025-08-27,,,,,,,,,,,,,,,,,,,,,,,,,,,,,,,,,,,
S3W-R4,Acute,Crassostrea virginica,Tank Water,10um filter,Tank Water 10um filter,S3W-R4 Acute Tank Water 10um filter,1,81,9,10%,10,0,0%,90,,2025-08-27,,,,,,,,,,,,,,,,,,,,,,,,,,,,,,,,,,,
S3W-R4,Acute,Crassostrea virginica,Tank Water,10um filter,Tank Water 10um filter,S3W-R4 Acute Tank Water 10um filter,2,80,3,4%,4,0,0%,96,,2025-08-27,,,,,,,,,,,,,,,,,,,,,,,,,,,,,,,,,,,
S3W-R4,Acute,Crassostrea virginica,Tank Water,10um filter,Tank Water 10um filter,S3W-R4 Acute Tank Water 10um filter,3,80,2,2%,2,0,0%,98,,2025-08-27,,,,,,,,,,,,,,,,,,,,,,,,,,,,,,,,,,,
S3W-R4,Acute,Crassostrea virginica,Tank Water,0.22um filter,Tank Water 0.22um filter,S3W-R4 Acute Tank Water 0.22um filter,1,77,4,5%,5,0,0%,95,,2025-08-27,,,,,,,,,,,,,,,,,,,,,,,,,,,,,,,,,,,
S3W-R4,Acute,Crassostrea virginica,Tank Water,0.22um filter,Tank Water 0.22um filter,S3W-R4 Acute Tank Water 0.22um filter,2,70,4,5%,5,0,0%,95,,2025-08-27,,,,,,,,,,,,,,,,,,,,,,,,,,,,,,,,,,,
S3W-R4,Acute,Crassostrea virginica,Tank Water,0.22um filter,Tank Water 0.22um filter,S3W-R4 Acute Tank Water 0.22um filter,3,76,2,3%,3,0,0%,97,,2025-08-27,,,,,,,,,,,,,,,,,,,,,,,,,,,,,,,,,,,
S3W-R4,Acute,Crassostrea virginica,Shed Water,Unfiltered,Shed Water Unfiltered,S3W-R4 Acute Shed Water Unfiltered,1,84,3,3%,3,0,0%,97,,2025-08-27,,,,,,,,,,,,,,,,,,,,,,,,,,,,,,,,,,,
S3W-R4,Acute,Crassostrea virginica,Shed Water,Unfiltered,Shed Water Unfiltered,S3W-R4 Acute Shed Water Unfiltered,2,68,2,3%,3,0,0%,97,,2025-08-27,,,,,,,,,,,,,,,,,,,,,,,,,,,,,,,,,,,
S3W-R4,Acute,Crassostrea virginica,Shed Water,Unfiltered,Shed Water Unfiltered,S3W-R4 Acute Shed Water Unfiltered,3,63,5,7%,7,0,0%,93,,2025-08-27,,,,,,,,,,,,,,,,,,,,,,,,,,,,,,,,,,,
S3W-R4,Acute,Crassostrea virginica,Shed Water,10um filter,Shed Water 10um filter,S3W-R4 Acute Shed Water 10um filter,1,62,9,13%,13,0,0%,87,,2025-08-27,,,,,,,,,,,,,,,,,,,,,,,,,,,,,,,,,,,
S3W-R4,Acute,Crassostrea virginica,Shed Water,10um filter,Shed Water 10um filter,S3W-R4 Acute Shed Water 10um filter,2,55,4,7%,7,0,0%,93,,2025-08-27,,,,,,,,,,,,,,,,,,,,,,,,,,,,,,,,,,,
S3W-R4,Acute,Crassostrea virginica,Shed Water,10um filter,Shed Water 10um filter,S3W-R4 Acute Shed Water 10um filter,3,57,7,11%,11,0,0%,89,,2025-08-27,,,,,,,,,,,,,,,,,,,,,,,,,,,,,,,,,,,
S3W-R4,Acute,Crassostrea virginica,Shed Water,0.22um filter,Shed Water 0.22um filter,S3W-R4 Acute Shed Water 0.22um filter,1,74,3,4%,4,0,0%,96,,2025-08-27,,,,,,,,,,,,,,,,,,,,,,,,,,,,,,,,,,,
S3W-R4,Acute,Crassostrea virginica,Shed Water,0.22um filter,Shed Water 0.22um filter,S3W-R4 Acute Shed Water 0.22um filter,2,78,3,4%,4,0,0%,96,,2025-08-27,,,,,,,,,,,,,,,,,,,,,,,,,,,,,,,,,,,
S3W-R4,Acute,Crassostrea virginica,Shed Water,0.22um filter,Shed Water 0.22um filter,S3W-R4 Acute Shed Water 0.22um filter,3,92,4,4%,4,0,0%,96,,2025-08-27,,,,,,,,,,,,,,,,,,,,,,,,,,,,,,,,,,,
S3W-R5,Acute,Crassostrea virginica,Incoming Water,Unfiltered,Incoming Water Unfiltered,S3W-R5 Acute Incoming Water Unfiltered,1,64,5,7%,7,0,0%,93,,2025-08-27,,,,,,,,,,,,,,,,,,,,,,,,,,,,,,,,,,,
S3W-R5,Acute,Crassostrea virginica,Incoming Water,Unfiltered,Incoming Water Unfiltered,S3W-R5 Acute Incoming Water Unfiltered,2,50,1,2%,2,0,0%,98,,2025-08-27,,,,,,,,,,,,,,,,,,,,,,,,,,,,,,,,,,,
S3W-R5,Acute,Crassostrea virginica,Incoming Water,Unfiltered,Incoming Water Unfiltered,S3W-R5 Acute Incoming Water Unfiltered,3,48,4,8%,8,0,0%,92,,2025-08-27,,,,,,,,,,,,,,,,,,,,,,,,,,,,,,,,,,,
S3W-R5,Acute,Crassostrea virginica,Incoming Water,10um filter,Incoming Water 10um filter,S3W-R5 Acute Incoming Water 10um filter,1,58,16,22%,22,0,0%,78,,2025-08-27,,,,,,,,,,,,,,,,,,,,,,,,,,,,,,,,,,,
S3W-R5,Acute,Crassostrea virginica,Incoming Water,10um filter,Incoming Water 10um filter,S3W-R5 Acute Incoming Water 10um filter,2,51,10,16%,16,0,0%,84,,2025-08-27,,,,,,,,,,,,,,,,,,,,,,,,,,,,,,,,,,,
S3W-R5,Acute,Crassostrea virginica,Incoming Water,10um filter,Incoming Water 10um filter,S3W-R5 Acute Incoming Water 10um filter,3,82,5,6%,6,0,0%,94,,2025-08-27,,,,,,,,,,,,,,,,,,,,,,,,,,,,,,,,,,,
S3W-R5,Acute,Crassostrea virginica,Incoming Water,0.22um filter,Incoming Water 0.22um filter,S3W-R5 Acute Incoming Water 0.22um filter,1,75,6,7%,7,0,0%,93,,2025-08-27,,,,,,,,,,,,,,,,,,,,,,,,,,,,,,,,,,,
S3W-R5,Acute,Crassostrea virginica,Incoming Water,0.22um filter,Incoming Water 0.22um filter,S3W-R5 Acute Incoming Water 0.22um filter,2,62,13,17%,17,0,0%,83,,2025-08-27,,,,,,,,,,,,,,,,,,,,,,,,,,,,,,,,,,,
S3W-R5,Acute,Crassostrea virginica,Incoming Water,0.22um filter,Incoming Water 0.22um filter,S3W-R5 Acute Incoming Water 0.22um filter,3,79,7,8%,8,0,0%,92,,2025-08-27,,,,,,,,,,,,,,,,,,,,,,,,,,,,,,,,,,,
S3W-R5,Acute,Crassostrea virginica,Tank Water,Unfiltered,Tank Water Unfiltered,S3W-R5 Acute Tank Water Unfiltered,1,51,7,12%,12,0,0%,88,,2025-08-27,,,,,,,,,,,,,,,,,,,,,,,,,,,,,,,,,,,
S3W-R5,Acute,Crassostrea virginica,Tank Water,Unfiltered,Tank Water Unfiltered,S3W-R5 Acute Tank Water Unfiltered,2,67,6,8%,8,0,0%,92,,2025-08-27,,,,,,,,,,,,,,,,,,,,,,,,,,,,,,,,,,,
S3W-R5,Acute,Crassostrea virginica,Tank Water,Unfiltered,Tank Water Unfiltered,S3W-R5 Acute Tank Water Unfiltered,3,68,4,6%,6,0,0%,94,,2025-08-27,,,,,,,,,,,,,,,,,,,,,,,,,,,,,,,,,,,
S3W-R5,Acute,Crassostrea virginica,Tank Water,10um filter,Tank Water 10um filter,S3W-R5 Acute Tank Water 10um filter,1,45,4,8%,8,0,0%,92,,2025-08-27,,,,,,,,,,,,,,,,,,,,,,,,,,,,,,,,,,,
S3W-R5,Acute,Crassostrea virginica,Tank Water,10um filter,Tank Water 10um filter,S3W-R5 Acute Tank Water 10um filter,2,62,5,7%,7,0,0%,93,,2025-08-27,,,,,,,,,,,,,,,,,,,,,,,,,,,,,,,,,,,
S3W-R5,Acute,Crassostrea virginica,Tank Water,10um filter,Tank Water 10um filter,S3W-R5 Acute Tank Water 10um filter,3,73,7,9%,9,0,0%,91,,2025-08-27,,,,,,,,,,,,,,,,,,,,,,,,,,,,,,,,,,,
S3W-R5,Acute,Crassostrea virginica,Tank Water,0.22um filter,Tank Water 0.22um filter,S3W-R5 Acute Tank Water 0.22um filter,1,58,3,5%,5,0,0%,95,,2025-08-27,,,,,,,,,,,,,,,,,,,,,,,,,,,,,,,,,,,
S3W-R5,Acute,Crassostrea virginica,Tank Water,0.22um filter,Tank Water 0.22um filter,S3W-R5 Acute Tank Water 0.22um filter,2,63,1,2%,2,0,0%,98,,2025-08-27,,,,,,,,,,,,,,,,,,,,,,,,,,,,,,,,,,,
S3W-R5,Acute,Crassostrea virginica,Tank Water,0.22um filter,Tank Water 0.22um filter,S3W-R5 Acute Tank Water 0.22um filter,3,80,4,5%,5,0,0%,95,,2025-08-27,,,,,,,,,,,,,,,,,,,,,,,,,,,,,,,,,,,
S3W-R5,Acute,Crassostrea virginica,Shed Water,Unfiltered,Shed Water Unfiltered,S3W-R5 Acute Shed Water Unfiltered,1,100,4,4%,4,0,0%,96,,2025-08-27,,,,,,,,,,,,,,,,,,,,,,,,,,,,,,,,,,,
S3W-R5,Acute,Crassostrea virginica,Shed Water,Unfiltered,Shed Water Unfiltered,S3W-R5 Acute Shed Water Unfiltered,2,192,3,2%,2,0,0%,98,,2025-08-27,,,,,,,,,,,,,,,,,,,,,,,,,,,,,,,,,,,
S3W-R5,Acute,Crassostrea virginica,Shed Water,Unfiltered,Shed Water Unfiltered,S3W-R5 Acute Shed Water Unfiltered,3,116,11,9%,9,0,0%,91,,2025-08-27,,,,,,,,,,,,,,,,,,,,,,,,,,,,,,,,,,,
S3W-R5,Acute,Crassostrea virginica,Shed Water,10um filter,Shed Water 10um filter,S3W-R5 Acute Shed Water 10um filter,1,80,12,13%,13,0,0%,87,,2025-08-27,,,,,,,,,,,,,,,,,,,,,,,,,,,,,,,,,,,
S3W-R5,Acute,Crassostrea virginica,Shed Water,10um filter,Shed Water 10um filter,S3W-R5 Acute Shed Water 10um filter,2,101,2,2%,2,0,0%,98,,2025-08-27,,,,,,,,,,,,,,,,,,,,,,,,,,,,,,,,,,,
S3W-R5,Acute,Crassostrea virginica,Shed Water,10um filter,Shed Water 10um filter,S3W-R5 Acute Shed Water 10um filter,3,63,7,10%,10,0,0%,90,,2025-08-27,,,,,,,,,,,,,,,,,,,,,,,,,,,,,,,,,,,
S3W-R5,Acute,Crassostrea virginica,Shed Water,0.22um filter,Shed Water 0.22um filter,S3W-R5 Acute Shed Water 0.22um filter,1,77,1,1%,1,0,0%,99,,2025-08-27,,,,,,,,,,,,,,,,,,,,,,,,,,,,,,,,,,,
S3W-R5,Acute,Crassostrea virginica,Shed Water,0.22um filter,Shed Water 0.22um filter,S3W-R5 Acute Shed Water 0.22um filter,2,117,6,5%,5,0,0%,95,,2025-08-27,,,,,,,,,,,,,,,,,,,,,,,,,,,,,,,,,,,
S3W-R5,Acute,Crassostrea virginica,Shed Water,0.22um filter,Shed Water 0.22um filter,S3W-R5 Acute Shed Water 0.22um filter,3,124,6,5%,5,0,0%,95,,2025-08-27,,,,,,,,,,,,,,,,,,,,,,,,,,,,,,,,,,,
S3W-R3,Acute,Crassostrea virginica,Tank Water,Unfiltered,Tank Water Unfiltered,S3W-R3 Acute Tank Water Unfiltered,1,114,5,4%,4,0,0%,96,,2025-08-27,,,,,,,,,,,,,,,,,,,,,,,,,,,,,,,,,,,
S3W-R3,Acute,Crassostrea virginica,Tank Water,Unfiltered,Tank Water Unfiltered,S3W-R3 Acute Tank Water Unfiltered,2,110,5,4%,4,0,0%,96,,2025-08-27,,,,,,,,,,,,,,,,,,,,,,,,,,,,,,,,,,,
S3W-R3,Acute,Crassostrea virginica,Tank Water,Unfiltered,Tank Water Unfiltered,S3W-R3 Acute Tank Water Unfiltered,3,123,3,2%,2,0,0%,98,,2025-08-27,,,,,,,,,,,,,,,,,,,,,,,,,,,,,,,,,,,
S3W-R3,Acute,Crassostrea virginica,Tank Water,0.22um filter,Tank Water 0.22um filter,S3W-R3 Acute Tank Water 0.22um filter,1,145,7,5%,5,0,0%,95,,2025-08-27,,,,,,,,,,,,,,,,,,,,,,,,,,,,,,,,,,,
S3W-R3,Acute,Crassostrea virginica,Tank Water,0.22um filter,Tank Water 0.22um filter,S3W-R3 Acute Tank Water 0.22um filter,2,164,3,2%,2,0,0%,98,,2025-08-27,,,,,,,,,,,,,,,,,,,,,,,,,,,,,,,,,,,
S3W-R3,Acute,Crassostrea virginica,Tank Water,0.22um filter,Tank Water 0.22um filter,S3W-R3 Acute Tank Water 0.22um filter,3,100,0,0%,0,0,0%,100,,2025-08-27,,,,,,,,,,,,,,,,,,,,,,,,,,,,,,,,,,,
V7H-R2,Acute,Mercenaria mercenaria,Tank Water,Unfiltered,Tank Water Unfiltered,V7H-R2 Acute Tank Water Unfiltered,1,70,9,11%,11,13,13%,102,,2025-12-12,"Ciliates! all were alive, did not do complete count just wrote 100 and 0 to record no death occured ",,,,,,,,,,,,,,,,,,,,,,,,,,,,,,,,,,
V7H-R2,Acute,Mercenaria mercenaria,Tank Water,Unfiltered,Tank Water Unfiltered,V7H-R2 Acute Tank Water Unfiltered,2,92,19,17%,17,13,13%,96,,2025-12-12,"Ciliates! all were alive, did not do complete count just wrote 100 and 0 to record no death occured ",,,,,,,,,,,,,,,,,,,,,,,,,,,,,,,,,,
V7H-R2,Acute,Mercenaria mercenaria,Tank Water,Unfiltered,Tank Water Unfiltered,V7H-R2 Acute Tank Water Unfiltered,3,102,11,10%,10,13,13%,103,,2025-12-12,"Ciliates! all were alive, did not do complete count just wrote 100 and 0 to record no death occured ",,,,,,,,,,,,,,,,,,,,,,,,,,,,,,,,,,
V7H-R2,Acute,Mercenaria mercenaria,Tank Water,10um filter,Tank Water 10um filter,V7H-R2 Acute Tank Water 10um filter,1,103,2,2%,2,13,13%,111,,2025-12-12,"Ciliates! all were alive, did not do complete count just wrote 100 and 0 to record no death occured ",,,,,,,,,,,,,,,,,,,,,,,,,,,,,,,,,,
V7H-R2,Acute,Mercenaria mercenaria,Tank Water,10um filter,Tank Water 10um filter,V7H-R2 Acute Tank Water 10um filter,2,74,17,19%,19,13,13%,94,,2025-12-12,"Ciliates! all were alive, did not do complete count just wrote 100 and 0 to record no death occured ",,,,,,,,,,,,,,,,,,,,,,,,,,,,,,,,,,
V7H-R2,Acute,Mercenaria mercenaria,Tank Water,10um filter,Tank Water 10um filter,V7H-R2 Acute Tank Water 10um filter,3,97,11,10%,10,13,13%,103,,2025-12-12,"Ciliates! all were alive, did not do complete count just wrote 100 and 0 to record no death occured ",,,,,,,,,,,,,,,,,,,,,,,,,,,,,,,,,,
V7H-R2,Acute,Mercenaria mercenaria,Tank Water,0.22um filter,Tank Water 0.22um filter,V7H-R2 Acute Tank Water 0.22um filter,1,135,14,9%,9,13,13%,104,,2025-12-12,"Ciliates! all were alive, did not do complete count just wrote 100 and 0 to record no death occured ",,,,,,,,,,,,,,,,,,,,,,,,,,,,,,,,,,
V7H-R2,Acute,Mercenaria mercenaria,Tank Water,0.22um filter,Tank Water 0.22um filter,V7H-R2 Acute Tank Water 0.22um filter,2,164,27,14%,14,13,13%,99,,2025-12-12,"Ciliates! all were alive, did not do complete count just wrote 100 and 0 to record no death occured ",,,,,,,,,,,,,,,,,,,,,,,,,,,,,,,,,,
V7H-R2,Acute,Mercenaria mercenaria,Tank Water,0.22um filter,Tank Water 0.22um filter,V7H-R2 Acute Tank Water 0.22um filter,3,85,4,4%,4,13,13%,109,,2025-12-12,"Ciliates! all were alive, did not do complete count just wrote 100 and 0 to record no death occured ",,,,,,,,,,,,,,,,,,,,,,,,,,,,,,,,,,
V7H-R2,Acute,Mercenaria mercenaria,Tank Water,100 kDa filter,Tank Water 100 kDa filter,V7H-R2 Acute Tank Water 100 kDa filter,1,97,24,20%,20,13,13%,93,,2025-12-12,"Ciliates! all were alive, did not do complete count just wrote 100 and 0 to record no death occured ",,,,,,,,,,,,,,,,,,,,,,,,,,,,,,,,,,
V7H-R2,Acute,Mercenaria mercenaria,Tank Water,100 kDa filter,Tank Water 100 kDa filter,V7H-R2 Acute Tank Water 100 kDa filter,2,90,12,12%,12,13,13%,101,,2025-12-12,"Ciliates! all were alive, did not do complete count just wrote 100 and 0 to record no death occured ",,,,,,,,,,,,,,,,,,,,,,,,,,,,,,,,,,
V7H-R2,Acute,Mercenaria mercenaria,Tank Water,100 kDa filter,Tank Water 100 kDa filter,V7H-R2 Acute Tank Water 100 kDa filter,3,84,3,3%,3,13,13%,110,,2025-12-12,"Ciliates! all were alive, did not do complete count just wrote 100 and 0 to record no death occured ",,,,,,,,,,,,,,,,,,,,,,,,,,,,,,,,,,
2UJ-R1,Acute,Mercenaria mercenaria,Tank Water,Unfiltered,Tank Water Unfiltered,2UJ-R1 Acute Tank Water Unfiltered,1,103,20,16%,16,13,13%,97,,2025-12-12,"Ciliates! all were alive, did not do complete count just wrote 100 and 0 to record no death occured ",,,,,,,,,,,,,,,,,,,,,,,,,,,,,,,,,,
2UJ-R1,Acute,Mercenaria mercenaria,Tank Water,Unfiltered,Tank Water Unfiltered,2UJ-R1 Acute Tank Water Unfiltered,2,95,27,22%,22,13,13%,91,,2025-12-12,ciliates,,,,,,,,,,,,,,,,,,,,,,,,,,,,,,,,,,
2UJ-R1,Acute,Mercenaria mercenaria,Tank Water,Unfiltered,Tank Water Unfiltered,2UJ-R1 Acute Tank Water Unfiltered,3,124,38,23%,23,13,13%,90,,2025-12-12,ciliates,,,,,,,,,,,,,,,,,,,,,,,,,,,,,,,,,,
2UJ-R1,Acute,Mercenaria mercenaria,Tank Water,10um filter,Tank Water 10um filter,2UJ-R1 Acute Tank Water 10um filter,1,128,45,26%,26,13,13%,87,,2025-12-12,ciliates,,,,,,,,,,,,,,,,,,,,,,,,,,,,,,,,,,
2UJ-R1,Acute,Mercenaria mercenaria,Tank Water,10um filter,Tank Water 10um filter,2UJ-R1 Acute Tank Water 10um filter,2,117,22,16%,16,13,13%,97,,2025-12-12,ciliates,,,,,,,,,,,,,,,,,,,,,,,,,,,,,,,,,,
2UJ-R1,Acute,Mercenaria mercenaria,Tank Water,10um filter,Tank Water 10um filter,2UJ-R1 Acute Tank Water 10um filter,3,143,42,23%,23,13,13%,90,,2025-12-12,ciliates,,,,,,,,,,,,,,,,,,,,,,,,,,,,,,,,,,
2UJ-R1,Acute,Mercenaria mercenaria,Tank Water,0.22um filter,Tank Water 0.22um filter,2UJ-R1 Acute Tank Water 0.22um filter,1,201,41,17%,17,13,13%,96,,2025-12-12,ciliates,,,,,,,,,,,,,,,,,,,,,,,,,,,,,,,,,,
2UJ-R1,Acute,Mercenaria mercenaria,Tank Water,0.22um filter,Tank Water 0.22um filter,2UJ-R1 Acute Tank Water 0.22um filter,2,198,53,21%,21,13,13%,92,,2025-12-12,ciliates,,,,,,,,,,,,,,,,,,,,,,,,,,,,,,,,,,
2UJ-R1,Acute,Mercenaria mercenaria,Tank Water,0.22um filter,Tank Water 0.22um filter,2UJ-R1 Acute Tank Water 0.22um filter,3,210,67,24%,24,13,13%,89,,2025-12-12,ciliates,,,,,,,,,,,,,,,,,,,,,,,,,,,,,,,,,,
2UJ-R1,Acute,Mercenaria mercenaria,Tank Water,100 kDa filter,Tank Water 100 kDa filter,2UJ-R1 Acute Tank Water 100 kDa filter,1,176,154,47%,47,13,13%,66,,2025-12-12,ciliates,,,,,,,,,,,,,,,,,,,,,,,,,,,,,,,,,,
2UJ-R1,Acute,Mercenaria mercenaria,Tank Water,100 kDa filter,Tank Water 100 kDa filter,2UJ-R1 Acute Tank Water 100 kDa filter,2,138,233,63%,63,13,13%,50,,2025-12-12,ciliates,,,,,,,,,,,,,,,,,,,,,,,,,,,,,,,,,,
2UJ-R1,Acute,Mercenaria mercenaria,Tank Water,100 kDa filter,Tank Water 100 kDa filter,2UJ-R1 Acute Tank Water 100 kDa filter,3,32,319,91%,91,13,13%,22,,2025-12-12,ciliates,,,,,,,,,,,,,,,,,,,,,,,,,,,,,,,,,,
XZV-R4,Acute,Mercenaria mercenaria,Tank Water,Unfiltered,Tank Water Unfiltered,XZV-R4 Acute Tank Water Unfiltered,1,88,9,9%,9,13,13%,104,,2025-12-12,ciliates,,,,,,,,,,,,,,,,,,,,,,,,,,,,,,,,,,
XZV-R4,Acute,Mercenaria mercenaria,Tank Water,Unfiltered,Tank Water Unfiltered,XZV-R4 Acute Tank Water Unfiltered,2,123,15,11%,11,13,13%,102,,2025-12-12,ciliates,,,,,,,,,,,,,,,,,,,,,,,,,,,,,,,,,,
XZV-R4,Acute,Mercenaria mercenaria,Tank Water,Unfiltered,Tank Water Unfiltered,XZV-R4 Acute Tank Water Unfiltered,3,145,19,12%,12,13,13%,101,,2025-12-12,ciliates,,,,,,,,,,,,,,,,,,,,,,,,,,,,,,,,,,
XZV-R4,Acute,Mercenaria mercenaria,Tank Water,100 kDa filter,Tank Water 100 kDa filter,XZV-R4 Acute Tank Water 100 kDa filter,1,138,19,12%,12,13,13%,101,,2025-12-12,ciliates,,,,,,,,,,,,,,,,,,,,,,,,,,,,,,,,,,
XZV-R4,Acute,Mercenaria mercenaria,Tank Water,100 kDa filter,Tank Water 100 kDa filter,XZV-R4 Acute Tank Water 100 kDa filter,2,126,23,15%,15,13,13%,98,,2025-12-12,ciliates,,,,,,,,,,,,,,,,,,,,,,,,,,,,,,,,,,
XZV-R4,Acute,Mercenaria mercenaria,Tank Water,100 kDa filter,Tank Water 100 kDa filter,XZV-R4 Acute Tank Water 100 kDa filter,3,108,9,8%,8,13,13%,105,,2025-12-12,ciliates,,,,,,,,,,,,,,,,,,,,,,,,,,,,,,,,,,
XZV-R4,Acute,Mercenaria mercenaria,Tank Water,0.22um filter,Tank Water 0.22um filter,XZV-R4 Acute Tank Water 0.22um filter,1,52,75,59%,59,13,13%,54,,2025-12-12,ciliates,,,,,,,,,,,,,,,,,,,,,,,,,,,,,,,,,,
XZV-R4,Acute,Mercenaria mercenaria,Tank Water,0.22um filter,Tank Water 0.22um filter,XZV-R4 Acute Tank Water 0.22um filter,2,108,77,42%,42,13,13%,71,,2025-12-12,ciliates,,,,,,,,,,,,,,,,,,,,,,,,,,,,,,,,,,
XZV-R4,Acute,Mercenaria mercenaria,Tank Water,0.22um filter,Tank Water 0.22um filter,XZV-R4 Acute Tank Water 0.22um filter,3,131,40,23%,23,13,13%,90,,2025-12-12,ciliates,,,,,,,,,,,,,,,,,,,,,,,,,,,,,,,,,,
XZV-R4,Acute,Mercenaria mercenaria,Tank Water,100 kDa filter,Tank Water 100 kDa filter,XZV-R4 Acute Tank Water 100 kDa filter,1,69,96,58%,58,13,13%,55,,2025-12-12,ciliates,,,,,,,,,,,,,,,,,,,,,,,,,,,,,,,,,,
XZV-R4,Acute,Mercenaria mercenaria,Tank Water,100 kDa filter,Tank Water 100 kDa filter,XZV-R4 Acute Tank Water 100 kDa filter,2,62,52,46%,46,13,13%,67,,2025-12-12,ciliates,,,,,,,,,,,,,,,,,,,,,,,,,,,,,,,,,,
XZV-R4,Acute,Mercenaria mercenaria,Tank Water,100 kDa filter,Tank Water 100 kDa filter,XZV-R4 Acute Tank Water 100 kDa filter,3,107,44,29%,29,13,13%,84,,2025-12-12,ciliates,,,,,,,,,,,,,,,,,,,,,,,,,,,,,,,,,,
Y9P-R1,Acute,Mercenaria mercenaria,Tank Water,Unfiltered,Tank Water Unfiltered,Y9P-R1 Acute Tank Water Unfiltered,1,90,19,17%,17,13,13%,96,,2025-12-12,ciliates,,,,,,,,,,,,,,,,,,,,,,,,,,,,,,,,,,
Y9P-R1,Acute,Mercenaria mercenaria,Tank Water,Unfiltered,Tank Water Unfiltered,Y9P-R1 Acute Tank Water Unfiltered,2,109,20,16%,16,13,13%,97,,2025-12-12,ciliates,,,,,,,,,,,,,,,,,,,,,,,,,,,,,,,,,,
Y9P-R1,Acute,Mercenaria mercenaria,Tank Water,Unfiltered,Tank Water Unfiltered,Y9P-R1 Acute Tank Water Unfiltered,3,90,27,23%,23,13,13%,90,,2025-12-12,ciliates,,,,,,,,,,,,,,,,,,,,,,,,,,,,,,,,,,
Y9P-R1,Acute,Mercenaria mercenaria,Tank Water,10um filter,Tank Water 10um filter,Y9P-R1 Acute Tank Water 10um filter,1,94,37,28%,28,13,13%,85,,2025-12-12,ciliates,,,,,,,,,,,,,,,,,,,,,,,,,,,,,,,,,,
Y9P-R1,Acute,Mercenaria mercenaria,Tank Water,10um filter,Tank Water 10um filter,Y9P-R1 Acute Tank Water 10um filter,2,87,31,26%,26,13,13%,87,,2025-12-12,ciliates,,,,,,,,,,,,,,,,,,,,,,,,,,,,,,,,,,
Y9P-R1,Acute,Mercenaria mercenaria,Tank Water,10um filter,Tank Water 10um filter,Y9P-R1 Acute Tank Water 10um filter,3,91,24,21%,21,13,13%,92,,2025-12-12,ciliates,,,,,,,,,,,,,,,,,,,,,,,,,,,,,,,,,,
Y9P-R1,Acute,Mercenaria mercenaria,Tank Water,0.22um filter,Tank Water 0.22um filter,Y9P-R1 Acute Tank Water 0.22um filter,1,166,41,20%,20,13,13%,93,,2025-12-12,ciliates,,,,,,,,,,,,,,,,,,,,,,,,,,,,,,,,,,
Y9P-R1,Acute,Mercenaria mercenaria,Tank Water,0.22um filter,Tank Water 0.22um filter,Y9P-R1 Acute Tank Water 0.22um filter,2,125,68,35%,35,13,13%,78,,2025-12-12,ciliates,,,,,,,,,,,,,,,,,,,,,,,,,,,,,,,,,,
Y9P-R1,Acute,Mercenaria mercenaria,Tank Water,0.22um filter,Tank Water 0.22um filter,Y9P-R1 Acute Tank Water 0.22um filter,3,138,37,21%,21,13,13%,92,,2025-12-12,ciliates,,,,,,,,,,,,,,,,,,,,,,,,,,,,,,,,,,
Y9P-R1,Acute,Mercenaria mercenaria,Tank Water,100 kDa filter,Tank Water 100 kDa filter,Y9P-R1 Acute Tank Water 100 kDa filter,1,143,26,15%,15,13,13%,98,,2025-12-12,ciliates,,,,,,,,,,,,,,,,,,,,,,,,,,,,,,,,,,
Y9P-R1,Acute,Mercenaria mercenaria,Tank Water,100 kDa filter,Tank Water 100 kDa filter,Y9P-R1 Acute Tank Water 100 kDa filter,2,172,25,13%,13,13,13%,100,,2025-12-12,ciliates,,,,,,,,,,,,,,,,,,,,,,,,,,,,,,,,,,
Y9P-R1,Acute,Mercenaria mercenaria,Tank Water,100 kDa filter,Tank Water 100 kDa filter,Y9P-R1 Acute Tank Water 100 kDa filter,3,131,36,22%,22,13,13%,91,,2025-12-12,ciliates,,,,,,,,,,,,,,,,,,,,,,,,,,,,,,,,,,
V7H-R1,Acute,Mercenaria mercenaria,Tank Water,Unfiltered,Tank Water Unfiltered,V7H-R1 Acute Tank Water Unfiltered,1,108,10,8%,8,13,13%,105,,2025-12-12,ciliates,,,,,,,,,,,,,,,,,,,,,,,,,,,,,,,,,,
V7H-R1,Acute,Mercenaria mercenaria,Tank Water,Unfiltered,Tank Water Unfiltered,V7H-R1 Acute Tank Water Unfiltered,2,74,10,12%,12,13,13%,101,,2025-12-12,ciliates,,,,,,,,,,,,,,,,,,,,,,,,,,,,,,,,,,
V7H-R1,Acute,Mercenaria mercenaria,Tank Water,Unfiltered,Tank Water Unfiltered,V7H-R1 Acute Tank Water Unfiltered,3,64,14,18%,18,13,13%,95,,2025-12-12,ciliates,,,,,,,,,,,,,,,,,,,,,,,,,,,,,,,,,,
V7H-R1,Acute,Mercenaria mercenaria,Tank Water,10um filter,Tank Water 10um filter,V7H-R1 Acute Tank Water 10um filter,1,80,21,21%,21,13,13%,92,,2025-12-12,ciliates,,,,,,,,,,,,,,,,,,,,,,,,,,,,,,,,,,
V7H-R1,Acute,Mercenaria mercenaria,Tank Water,10um filter,Tank Water 10um filter,V7H-R1 Acute Tank Water 10um filter,2,119,41,26%,26,13,13%,87,,2025-12-12,ciliates,,,,,,,,,,,,,,,,,,,,,,,,,,,,,,,,,,
V7H-R1,Acute,Mercenaria mercenaria,Tank Water,10um filter,Tank Water 10um filter,V7H-R1 Acute Tank Water 10um filter,3,308,62,17%,17,13,13%,96,,2025-12-12,ciliates,,,,,,,,,,,,,,,,,,,,,,,,,,,,,,,,,,
V7H-R1,Acute,Mercenaria mercenaria,Tank Water,0.22um filter,Tank Water 0.22um filter,V7H-R1 Acute Tank Water 0.22um filter,1,112,32,22%,22,13,13%,91,,2025-12-12,ciliates,,,,,,,,,,,,,,,,,,,,,,,,,,,,,,,,,,
V7H-R1,Acute,Mercenaria mercenaria,Tank Water,0.22um filter,Tank Water 0.22um filter,V7H-R1 Acute Tank Water 0.22um filter,2,133,55,29%,29,13,13%,84,,2025-12-12,ciliates,,,,,,,,,,,,,,,,,,,,,,,,,,,,,,,,,,
V7H-R1,Acute,Mercenaria mercenaria,Tank Water,0.22um filter,Tank Water 0.22um filter,V7H-R1 Acute Tank Water 0.22um filter,3,68,28,29%,29,13,13%,84,,2025-12-12,ciliates,,,,,,,,,,,,,,,,,,,,,,,,,,,,,,,,,,
V7H-R1,Acute,Mercenaria mercenaria,Tank Water,100 kDa filter,Tank Water 100 kDa filter,V7H-R1 Acute Tank Water 100 kDa filter,1,91,41,31%,31,13,13%,82,,2025-12-12,ciliates,,,,,,,,,,,,,,,,,,,,,,,,,,,,,,,,,,
V7H-R1,Acute,Mercenaria mercenaria,Tank Water,100 kDa filter,Tank Water 100 kDa filter,V7H-R1 Acute Tank Water 100 kDa filter,2,74,43,37%,37,13,13%,76,,2025-12-12,ciliates,,,,,,,,,,,,,,,,,,,,,,,,,,,,,,,,,,
V7H-R1,Acute,Mercenaria mercenaria,Tank Water,100 kDa filter,Tank Water 100 kDa filter,V7H-R1 Acute Tank Water 100 kDa filter,3,103,43,29%,29,13,13%,84,,2025-12-12,ciliates,,,,,,,,,,,,,,,,,,,,,,,,,,,,,,,,,,
AGX-R4,Chronic,Crassostrea virginica,Shed Water,Unfiltered,Shed Water Unfiltered,AGX-R4 Chronic Shed Water Unfiltered,1,5,100,95%,95.24,55,55%,60,Shannon,2026-04-08,,,,,,,,,,,,,,,,,,,,,,,,,,,,,,,,,,,
AGX-R4,Chronic,Crassostrea virginica,Shed Water,Unfiltered,Shed Water Unfiltered,AGX-R4 Chronic Shed Water Unfiltered,2,13,167,93%,92.78,55,55%,62,Shannon,2026-04-08,,,,,,,,,,,,,,,,,,,,,,,,,,,,,,,,,,,
AGX-R4,Chronic,Crassostrea virginica,Shed Water,Unfiltered,Shed Water Unfiltered,AGX-R4 Chronic Shed Water Unfiltered,3,38,20,34%,34.48,55,55%,121,Shannon,2026-04-08,,,,,,,,,,,,,,,,,,,,,,,,,,,,,,,,,,,
AGX-R5,Chronic,Crassostrea virginica,Shed Water,Unfiltered,Shed Water Unfiltered,AGX-R5 Chronic Shed Water Unfiltered,1,33,24,42%,42.11,55,55%,113,Shannon,2026-04-08,,,,,,,,,,,,,,,,,,,,,,,,,,,,,,,,,,,
AGX-R5,Chronic,Crassostrea virginica,Shed Water,Unfiltered,Shed Water Unfiltered,AGX-R5 Chronic Shed Water Unfiltered,2,0,41,100%,100.00,55,55%,55,Shannon,2026-04-08,,,,,,,,,,,,,,,,,,,,,,,,,,,,,,,,,,,
AGX-R5,Chronic,Crassostrea virginica,Shed Water,Unfiltered,Shed Water Unfiltered,AGX-R5 Chronic Shed Water Unfiltered,3,53,19,26%,26.39,55,55%,129,Shannon,2026-04-08,,,,,,,,,,,,,,,,,,,,,,,,,,,,,,,,,,,
AGX-R6,Chronic,Crassostrea virginica,Shed Water,Unfiltered,Shed Water Unfiltered,AGX-R6 Chronic Shed Water Unfiltered,1,30,19,39%,38.78,55,55%,116,Shannon,2026-04-08,,,,,,,,,,,,,,,,,,,,,,,,,,,,,,,,,,,
AGX-R6,Chronic,Crassostrea virginica,Shed Water,Unfiltered,Shed Water Unfiltered,AGX-R6 Chronic Shed Water Unfiltered,2,78,15,16%,16.13,55,55%,139,Shannon,2026-04-08,,,,,,,,,,,,,,,,,,,,,,,,,,,,,,,,,,,
AGX-R6,Chronic,Crassostrea virginica,Shed Water,Unfiltered,Shed Water Unfiltered,AGX-R6 Chronic Shed Water Unfiltered,3,108,36,25%,25.00,55,55%,130,Shannon,2026-04-08,,,,,,,,,,,,,,,,,,,,,,,,,,,,,,,,,,,
FNT-R3,Chronic,Crassostrea virginica,Shed Water,Unfiltered,Shed Water Unfiltered,FNT-R3 Chronic Shed Water Unfiltered,1,126,4,3%,3.08,55,55%,152,Shannon,2026-04-08,"all were alive, did not do complete count just wrote 100 and 0 to record no death occured ",,,,,,,,,,,,,,,,,,,,,,,,,,,,,,,,,,
FNT-R3,Chronic,Crassostrea virginica,Shed Water,Unfiltered,Shed Water Unfiltered,FNT-R3 Chronic Shed Water Unfiltered,2,152,14,8%,8.43,55,55%,147,Shannon,2026-04-08,,,,,,,,,,,,,,,,,,,,,,,,,,,,,,,,,,,
FNT-R3,Chronic,Crassostrea virginica,Shed Water,Unfiltered,Shed Water Unfiltered,FNT-R3 Chronic Shed Water Unfiltered,3,162,21,11%,11.48,55,55%,144,Shannon,2026-04-08,,,,,,,,,,,,,,,,,,,,,,,,,,,,,,,,,,,
R2A-R2,Chronic,Crassostrea virginica,Shed Water,Unfiltered,Shed Water Unfiltered,R2A-R2 Chronic Shed Water Unfiltered,1,143,16,10%,10.06,55,55%,145,Shannon,2026-04-08,,,,,,,,,,,,,,,,,,,,,,,,,,,,,,,,,,,
R2A-R2,Chronic,Crassostrea virginica,Shed Water,Unfiltered,Shed Water Unfiltered,R2A-R2 Chronic Shed Water Unfiltered,2,146,8,5%,5.19,55,55%,150,Shannon,2026-04-08,,,,,,,,,,,,,,,,,,,,,,,,,,,,,,,,,,,
R2A-R2,Chronic,Crassostrea virginica,Shed Water,Unfiltered,Shed Water Unfiltered,R2A-R2 Chronic Shed Water Unfiltered,3,119,5,4%,4.03,55,55%,151,Shannon,2026-04-08,,,,,,,,,,,,,,,,,,,,,,,,,,,,,,,,,,,
R2A-R3,Chronic,Crassostrea virginica,Shed Water,Unfiltered,Shed Water Unfiltered,R2A-R3 Chronic Shed Water Unfiltered,1,98,9,8%,8.41,55,55%,147,Shannon,2026-04-08,,,,,,,,,,,,,,,,,,,,,,,,,,,,,,,,,,,
R2A-R3,Chronic,Crassostrea virginica,Shed Water,Unfiltered,Shed Water Unfiltered,R2A-R3 Chronic Shed Water Unfiltered,2,145,7,5%,4.61,55,55%,150,Shannon,2026-04-08,,,,,,,,,,,,,,,,,,,,,,,,,,,,,,,,,,,
R2A-R3,Chronic,Crassostrea virginica,Shed Water,Unfiltered,Shed Water Unfiltered,R2A-R3 Chronic Shed Water Unfiltered,3,75,4,5%,5.06,55,55%,150,Shannon,2026-04-08,,,,,,,,,,,,,,,,,,,,,,,,,,,,,,,,,,,
R2A-R4,Chronic,Crassostrea virginica,Shed Water,Unfiltered,Shed Water Unfiltered,R2A-R4 Chronic Shed Water Unfiltered,1,228,5,2%,2.15,55,55%,153,Shannon,2026-04-08,,,,,,,,,,,,,,,,,,,,,,,,,,,,,,,,,,,
R2A-R4,Chronic,Crassostrea virginica,Shed Water,Unfiltered,Shed Water Unfiltered,R2A-R4 Chronic Shed Water Unfiltered,2,159,3,2%,1.85,55,55%,153,Shannon,2026-04-08,,,,,,,,,,,,,,,,,,,,,,,,,,,,,,,,,,,
R2A-R4,Chronic,Crassostrea virginica,Shed Water,Unfiltered,Shed Water Unfiltered,R2A-R4 Chronic Shed Water Unfiltered,3,170,9,5%,5.03,55,55%,150,Shannon,2026-04-08,,,,,,,,,,,,,,,,,,,,,,,,,,,,,,,,,,,
R2A-R5,Chronic,Crassostrea virginica,Shed Water,Unfiltered,Shed Water Unfiltered,R2A-R5 Chronic Shed Water Unfiltered,1,69,44,39%,38.94,55,55%,116,Shannon,2026-04-08,,,,,,,,,,,,,,,,,,,,,,,,,,,,,,,,,,,
R2A-R5,Chronic,Crassostrea virginica,Shed Water,Unfiltered,Shed Water Unfiltered,R2A-R5 Chronic Shed Water Unfiltered,2,55,11,17%,16.67,55,55%,138,Shannon,2026-04-08,,,,,,,,,,,,,,,,,,,,,,,,,,,,,,,,,,,
R2A-R5,Chronic,Crassostrea virginica,Shed Water,Unfiltered,Shed Water Unfiltered,R2A-R5 Chronic Shed Water Unfiltered,3,28,13,32%,31.71,55,55%,123,Shannon,2026-04-08,,,,,,,,,,,,,,,,,,,,,,,,,,,,,,,,,,,
S3W-R3,Chronic,Crassostrea virginica,Shed Water,Unfiltered,Shed Water Unfiltered,S3W-R3 Chronic Shed Water Unfiltered,1,155,7,4%,4.32,55,55%,151,Shannon,2026-04-08,,,,,,,,,,,,,,,,,,,,,,,,,,,,,,,,,,,
S3W-R3,Chronic,Crassostrea virginica,Shed Water,Unfiltered,Shed Water Unfiltered,S3W-R3 Chronic Shed Water Unfiltered,2,127,7,5%,5.22,55,55%,150,Shannon,2026-04-08,,,,,,,,,,,,,,,,,,,,,,,,,,,,,,,,,,,
S3W-R3,Chronic,Crassostrea virginica,Shed Water,Unfiltered,Shed Water Unfiltered,S3W-R3 Chronic Shed Water Unfiltered,3,224,3,1%,1.32,55,55%,154,Shannon,2026-04-08,,,,,,,,,,,,,,,,,,,,,,,,,,,,,,,,,,,
AGX-R2,Chronic,Crassostrea virginica,Shed Water,Unfiltered,Shed Water Unfiltered,AGX-R2 Chronic Shed Water Unfiltered,1,11,183,94%,94.33,55,55%,61,Shannon,2026-04-08,,,,,,,,,,,,,,,,,,,,,,,,,,,,,,,,,,,
AGX-R2,Chronic,Crassostrea virginica,Shed Water,Unfiltered,Shed Water Unfiltered,AGX-R2 Chronic Shed Water Unfiltered,2,36,119,77%,76.77,55,55%,78,Shannon,2026-04-08,,,,,,,,,,,,,,,,,,,,,,,,,,,,,,,,,,,
AGX-R2,Chronic,Crassostrea virginica,Shed Water,Unfiltered,Shed Water Unfiltered,AGX-R2 Chronic Shed Water Unfiltered,3,0,150,100%,100.00,55,55%,55,Shannon,2026-04-08,,,,,,,,,,,,,,,,,,,,,,,,,,,,,,,,,,,
FYC-R2,Chronic,Crassostrea virginica,Shed Water,Unfiltered,Shed Water Unfiltered,FYC-R2 Chronic Shed Water Unfiltered,1,19,54,74%,73.97,55,55%,81,Shannon,2026-04-08,,,,,,,,,,,,,,,,,,,,,,,,,,,,,,,,,,,
FYC-R2,Chronic,Crassostrea virginica,Shed Water,Unfiltered,Shed Water Unfiltered,FYC-R2 Chronic Shed Water Unfiltered,2,35,21,38%,37.50,55,55%,118,Shannon,2026-04-08,,,,,,,,,,,,,,,,,,,,,,,,,,,,,,,,,,,
FYC-R2,Chronic,Crassostrea virginica,Shed Water,Unfiltered,Shed Water Unfiltered,FYC-R2 Chronic Shed Water Unfiltered,3,162,11,6%,6.36,55,55%,149,Shannon,2026-04-08,,,,,,,,,,,,,,,,,,,,,,,,,,,,,,,,,,,
RRD-R1,Chronic,Crassostrea virginica,Shed Water,Unfiltered,Shed Water Unfiltered,RRD-R1 Chronic Shed Water Unfiltered,1,0,167,100%,100.00,55,55%,55,Shannon,2026-04-08,,,,,,,,,,,,,,,,,,,,,,,,,,,,,,,,,,,
RRD-R1,Chronic,Crassostrea virginica,Shed Water,Unfiltered,Shed Water Unfiltered,RRD-R1 Chronic Shed Water Unfiltered,2,31,33,52%,51.56,55,55%,103,Shannon,2026-04-08,,,,,,,,,,,,,,,,,,,,,,,,,,,,,,,,,,,
RRD-R1,Chronic,Crassostrea virginica,Shed Water,Unfiltered,Shed Water Unfiltered,RRD-R1 Chronic Shed Water Unfiltered,3,32,32,50%,50.00,55,55%,105,Shannon,2026-04-08,,,,,,,,,,,,,,,,,,,,,,,,,,,,,,,,,,,
YPH-R2,Chronic,Crassostrea virginica,Shed Water,Unfiltered,Shed Water Unfiltered,YPH-R2 Chronic Shed Water Unfiltered,1,67,2,3%,2.90,55,55%,152,Shannon,2026-04-08,"all were alive, did not do complete count just wrote 100 and 0 to record no death occured ",,,,,,,,,,,,,,,,,,,,,,,,,,,,,,,,,,
YPH-R2,Chronic,Crassostrea virginica,Shed Water,Unfiltered,Shed Water Unfiltered,YPH-R2 Chronic Shed Water Unfiltered,2,190,5,3%,2.56,55,55%,152,Shannon,2026-04-08,,,,,,,,,,,,,,,,,,,,,,,,,,,,,,,,,,,
YPH-R2,Chronic,Crassostrea virginica,Shed Water,Unfiltered,Shed Water Unfiltered,YPH-R2 Chronic Shed Water Unfiltered,3,95,5,5%,5.00,55,55%,150,Shannon,2026-04-08,,,,,,,,,,,,,,,,,,,,,,,,,,,,,,,,,,,